<?xml version="1.0" encoding="ISO-8859-1"?>
<gnw_desktop>
    <element name="Example" type="structure">element_0</element>
    <element name="Ecoli" type="structure">element_1</element>
    <element name="Yeast" type="structure">element_2</element>
    <element name="DREAM_Challenges" type="folder">
        <element name="DREAM3_In-Silico_Size_10" type="folder">
            <element name="InSilicoSize10-Ecoli1" type="dynamical_network">element_3</element>
            <element name="InSilicoSize10-Ecoli2" type="dynamical_network">element_4</element>
            <element name="InSilicoSize10-Yeast1" type="dynamical_network">element_5</element>
            <element name="InSilicoSize10-Yeast2" type="dynamical_network">element_6</element>
            <element name="InSilicoSize10-Yeast3" type="dynamical_network">element_7</element>
        </element>
        <element name="DREAM3_In-Silico_Size_100" type="folder">
            <element name="InSilicoSize100-Ecoli1" type="dynamical_network">element_8</element>
            <element name="InSilicoSize100-Ecoli2" type="dynamical_network">element_9</element>
            <element name="InSilicoSize100-Yeast1" type="dynamical_network">element_10</element>
            <element name="InSilicoSize100-Yeast2" type="dynamical_network">element_11</element>
            <element name="InSilicoSize100-Yeast3" type="dynamical_network">element_12</element>
        </element>
        <element name="DREAM3_In-Silico_Size_50" type="folder">
            <element name="InSilicoSize50-Ecoli1" type="dynamical_network">element_13</element>
            <element name="InSilicoSize50-Ecoli2" type="dynamical_network">element_14</element>
            <element name="InSilicoSize50-Yeast1" type="dynamical_network">element_15</element>
            <element name="InSilicoSize50-Yeast2" type="dynamical_network">element_16</element>
            <element name="InSilicoSize50-Yeast3" type="dynamical_network">element_17</element>
        </element>
        <element name="DREAM4_In-Silico_Size_10" type="folder">
            <element name="insilico_size10_1" type="dynamical_network">element_18</element>
            <element name="insilico_size10_2" type="dynamical_network">element_19</element>
            <element name="insilico_size10_3" type="dynamical_network">element_20</element>
            <element name="insilico_size10_4" type="dynamical_network">element_21</element>
            <element name="insilico_size10_5" type="dynamical_network">element_22</element>
        </element>
        <element name="DREAM4_In-Silico_Size_100" type="folder">
            <element name="insilico_size100_1" type="dynamical_network">element_23</element>
            <element name="insilico_size100_2" type="dynamical_network">element_24</element>
            <element name="insilico_size100_3" type="dynamical_network">element_25</element>
            <element name="insilico_size100_4" type="dynamical_network">element_26</element>
            <element name="insilico_size100_5" type="dynamical_network">element_27</element>
        </element>
    </element>
    <element name="Compartitive_Study" type="folder">
        <element name="Ecoli_5_genes_4_interactions" type="dynamical_network">element_28</element>
        <element name="Ecoli_10_genes_16_interactions" type="dynamical_network">element_29</element>
    </element>
</gnw_desktop>
