"Time"	gadX	torR	rutR	gadW	hdeA	gadY	yhiD	dctR	hdeB	gadC

0	0.0207522	1.0491202	1.0367315	1.0173827	0.4207443	0.0146601	0.7468318	0.0151882	0.8677134	0.0135140
50	0.0231628	1.0129256	0.9690948	1.0028870	0.3388077	0.0096294	0.7148970	0.0158312	1.0089449	0.0291618
100	0.0045591	1.0486399	0.9352532	1.1233616	0.3057420	0.0089011	0.8424490	0.0187028	1.0429451	0.0251569
150	0.0022511	1.0194543	0.9761812	1.1017055	0.3057174	0.0077124	0.7869796	0.0081931	0.8885720	0.0107598
200	0.0075325	1.0481999	1.0322923	0.9857872	0.4194923	0.0017849	0.6993325	0.0053917	0.9476961	0.0156694
250	0.0020532	0.9684245	1.0946165	1.0452203	0.4193347	0.0000000	0.7498821	0.0083617	0.9835182	0.0173627
300	0.0032540	1.0469303	1.1232492	0.9845364	0.3359706	0.0040941	0.7057605	0.0080670	0.9726242	0.0167994
350	0.0000000	1.0046385	1.0085130	1.0446477	0.3887548	0.0093372	0.7521906	0.0028875	1.0377593	0.0133043
400	0.0000133	1.0888910	1.0069280	1.0273499	0.3611737	0.0135337	0.8213263	0.0048563	0.9244337	0.0181473
450	0.0000001	1.1462753	1.0591678	0.9719816	0.3710207	0.0185090	0.7824754	0.0083482	1.0730451	0.0163760
500	0.0010708	0.9280365	0.9814219	1.0195347	0.3577750	0.0111013	0.8643512	0.0032546	1.0567723	0.0278634
550	0.0100455	1.0003551	0.9866578	1.0275924	0.3423602	0.0140104	0.7456729	0.0094574	1.0087067	0.0103878
600	0.0120154	1.0559212	0.9877022	0.8823647	0.3595436	0.0062290	0.8523364	0.0047910	0.8840622	0.0054883
650	0.0125176	1.0373793	0.9130127	0.9552876	0.3004402	0.0023308	0.8416992	0.0184039	0.9278871	0.0107126
700	0.0303535	1.0406621	0.9020476	0.9309342	0.3355661	0.0034648	0.7454469	0.0354920	0.9518201	0.0200613
750	0.0267705	1.0023642	0.9246916	0.9509462	0.3431093	0.0156678	0.7325569	0.0450083	0.8340781	0.0076387
800	0.0172903	1.0236213	0.9090995	1.0345701	0.4213891	0.0213518	0.7529233	0.0375383	0.9717451	0.0093151
850	0.0141991	1.0386085	0.9320922	0.9899871	0.4781490	0.0215005	0.7631731	0.0206328	0.9507752	0.0429411
900	0.0231297	0.9793867	0.9502824	1.0099367	0.3952629	0.0205581	0.7399179	0.0181546	0.9916975	0.0173018
950	0.0158336	0.9458452	1.0107573	1.0382132	0.4323646	0.0119405	0.7785967	0.0337643	0.9240552	0.0107982
1000	0.0086258	1.0264460	1.0670108	0.9533423	0.3904402	0.0198108	0.6210713	0.0269875	0.9083214	0.0143796

0	0.0207522	1.0491202	1.0367315	1.0173827	0.4207443	0.0146601	0.7468318	0.0151882	0.8677134	0.0135140
50	0.0216702	0.8845238	0.9723713	1.0582997	0.4268837	0.3167487	0.7502314	0.0239267	0.8868676	0.0189914
100	0.0157968	0.9727889	0.9552353	1.1168176	0.3911323	0.5900458	0.7144517	0.0169219	0.9582635	0.0301058
150	0.0106984	0.9359985	0.9919622	1.0491628	0.4101287	0.7950481	0.8215208	0.0215050	1.0267161	0.0387252
200	0.0183833	0.9570480	0.9417876	1.0347324	0.3533806	0.9215662	0.8008846	0.0150881	0.9676725	0.0261586
250	0.0056552	1.0695928	0.9174573	0.9253438	0.3918175	0.9577575	0.8003637	0.0084698	0.9778561	0.0263471
300	0.0043995	1.0570636	0.9239346	0.9859904	0.3571418	0.9525113	0.7232709	0.0096515	0.9894750	0.0453204
350	0.0166501	1.0826216	0.9794697	1.0137050	0.3592820	0.8987919	0.7786676	0.0074488	0.8672607	0.0129447
400	0.0156672	1.0962545	0.9742732	0.9955876	0.3511900	0.9149836	0.7503770	0.0054214	0.9459158	0.0457853
450	0.0230860	1.0863668	1.0763900	1.0271503	0.3626949	0.9238572	0.6907141	0.0110709	1.0228971	0.0382736
500	0.0187430	1.1891732	1.0587723	1.0387395	0.3362984	0.9173805	0.6934569	0.0161031	0.9800102	0.0166261
550	0.0179669	1.0758420	1.1008953	0.9809824	0.3396068	0.6838329	0.7458139	0.0352221	1.0540574	0.0194307
600	0.0274870	1.0199993	1.0803606	0.9844840	0.3752913	0.4060564	0.7479560	0.0409659	1.0760473	0.0103806
650	0.0187273	1.0860942	0.9859047	1.0422687	0.3628124	0.2273373	0.7486331	0.0214794	0.9655406	0.0060742
700	0.0117658	1.0128626	1.0391477	1.0817807	0.3592866	0.1026934	0.7075059	0.0169520	0.8058555	0.0048831
750	0.0100912	0.9516130	0.9377645	0.9996848	0.4012220	0.0433672	0.7087054	0.0063483	0.9198737	0.0205438
800	0.0104086	0.9961844	1.0003992	1.0098446	0.3936920	0.0357451	0.7300425	0.0128896	0.8865840	0.0175226
850	0.0118117	0.9616181	0.9654191	0.9312552	0.4243140	0.0377222	0.7484815	0.0150332	0.8426201	0.0150303
900	0.0083793	0.9644754	1.0822178	0.9663472	0.4008774	0.0302222	0.7081674	0.0087407	0.8922456	0.0066031
950	0.0127225	0.9904168	1.0158072	0.9945244	0.4271118	0.0149071	0.7250780	0.0394041	0.9089823	0.0148870
1000	0.0123124	0.9512781	0.9430551	0.8563704	0.3787519	0.0085707	0.8123076	0.0216579	0.8802741	0.0089060

0	0.0207522	1.0491202	1.0367315	1.0173827	0.4207443	0.0146601	0.7468318	0.0151882	0.8677134	0.0135140
50	0.0253445	0.8990647	1.0745678	0.9352124	0.3812148	0.0086223	0.7963669	0.0286779	0.8703675	0.0138768
100	0.0264031	0.9976308	1.0492461	1.0032198	0.4104306	0.0161246	0.7652011	0.0250969	0.8789888	0.0178951
150	0.0198959	0.9796314	0.9662610	0.9046618	0.3986843	0.0078211	0.6997702	0.0384042	0.9387875	0.0118529
200	0.0212898	0.9946544	0.9827661	0.8541508	0.4406294	0.0258742	0.6834245	0.0344889	0.9034262	0.0137673
250	0.0154066	1.0020671	0.9446762	0.9851773	0.4162449	0.0248932	0.8168764	0.0208797	0.9346809	0.0142724
300	0.0308723	0.9848715	0.9237370	0.9954734	0.4090002	0.0171008	0.7842135	0.0312345	0.9919107	0.0159574
350	0.0188697	1.0121579	0.9564891	1.0207033	0.3852195	0.0141722	0.7853658	0.0253467	1.0250201	0.0147440
400	0.0122921	0.8868184	0.9960501	1.0594664	0.3253339	0.0128715	0.7951754	0.0276987	1.0114505	0.0100333
450	0.0129635	0.9944606	0.9236674	0.9783634	0.3870607	0.0110300	0.7082773	0.0179249	0.9457995	0.0128284
500	0.0110629	0.9476123	0.9511907	0.9120030	0.4905998	0.0168650	0.8047535	0.0202763	1.0002249	0.0118366
550	0.0113767	0.9311230	1.0315501	1.0040557	0.4100580	0.0161460	0.8377326	0.0225934	0.9412721	0.0147522
600	0.0109393	0.9917055	1.0108602	1.0619825	0.3381643	0.0105432	0.7164476	0.0282176	0.9236785	0.0231297
650	0.0151560	0.9507198	0.9436867	1.1176247	0.3398400	0.0093132	0.6445605	0.0222683	1.0288178	0.0209698
700	0.0228843	0.9987744	0.9292024	1.1240933	0.3403379	0.0129304	0.6500288	0.0219888	0.9871885	0.0284696
750	0.0067811	0.9826534	1.0793373	1.0644993	0.3420418	0.0126573	0.7660925	0.0182007	0.8630011	0.0171417
800	0.0105740	0.9118593	1.0426222	1.0637886	0.3564002	0.0150821	0.8030853	0.0088468	0.9051562	0.0177429
850	0.0276224	0.9080519	0.9878962	0.9876416	0.2794106	0.0123698	0.8366735	0.0047494	0.9607059	0.0239373
900	0.0210422	1.0004586	1.0544805	0.9413832	0.3877377	0.0162551	0.8868647	0.0109980	0.8869936	0.0152396
950	0.0177252	1.0191532	1.0166916	0.9670102	0.3873542	0.0085876	0.8322389	0.0173396	0.9471270	0.0200689
1000	0.0104274	1.1041349	1.1000604	1.0330561	0.4240768	0.0184792	0.8496453	0.0068762	0.9281702	0.0145517

0	0.0207522	1.0491202	1.0367315	1.0173827	0.4207443	0.0146601	0.7468318	0.0151882	0.8677134	0.0135140
50	0.0118143	0.9712478	0.8622235	1.0296317	0.3385558	0.0233848	0.7976584	0.0203624	0.9109271	0.0259966
100	0.0020937	1.0078146	0.7833868	0.9756158	0.3156524	0.0273000	0.8099441	0.0247411	0.9114777	0.0391055
150	0.0088626	1.0284821	0.6701539	1.0423724	0.3877725	0.0207071	0.6683929	0.0296019	0.9497410	0.0225809
200	0.0113410	0.9829692	0.6160895	1.0676016	0.3942593	0.0106729	0.7018901	0.0212581	0.9628040	0.0107132
250	0.0026487	0.9927240	0.6355325	0.9795523	0.3806203	0.0082731	0.7411568	0.0043778	0.8336587	0.0057101
300	0.0032301	0.9663246	0.5562408	0.9691864	0.3251869	0.0086652	0.9743983	0.0083448	0.8922288	0.0054337
350	0.0133847	0.9777682	0.5193721	0.9969001	0.3405836	0.0045129	0.8947408	0.0103908	0.9495613	0.0157998
400	0.0117234	0.9303925	0.5738113	0.9018222	0.3200909	0.0059929	0.8322763	0.0184433	0.9467408	0.0143494
450	0.0171384	0.9228701	0.5769184	0.9451171	0.3567747	0.0137609	0.7338688	0.0125002	0.9607461	0.0243552
500	0.0135157	0.9159111	0.5779298	0.9778603	0.3682895	0.0222540	0.8355129	0.0121739	1.0179702	0.0195963
550	0.0181006	0.9557751	0.7007444	0.9727025	0.3611949	0.0152226	0.8764104	0.0182773	0.8895759	0.0100111
600	0.0129106	1.0249291	0.8530670	0.9936811	0.3464602	0.0152080	0.7890049	0.0150992	0.8717788	0.0223678
650	0.0220240	0.9940617	0.9242789	0.9849973	0.3964461	0.0071113	0.8492553	0.0181229	0.9246355	0.0310461
700	0.0087413	1.0706428	0.9325243	1.0198554	0.3674762	0.0129616	0.7898365	0.0074689	0.9082695	0.0222430
750	0.0178384	1.0432400	0.9873426	1.0466208	0.4158567	0.0020874	0.8022553	0.0041244	0.9946819	0.0304588
800	0.0116940	1.0625484	1.0637912	1.0818227	0.3499202	0.0128552	0.7085378	0.0155588	0.9636696	0.0215853
850	0.0093248	1.0165971	1.0384588	1.0886079	0.3142771	0.0269704	0.7953888	0.0112171	0.9629265	0.0171478
900	0.0044694	0.9683140	1.0034178	1.0189892	0.3659595	0.0237408	0.8461102	0.0112264	0.8625138	0.0179077
950	0.0099938	0.9434779	1.0451584	0.9432775	0.4113142	0.0174358	0.8666212	0.0138306	0.8604029	0.0129495
1000	0.0016056	1.0095897	1.0751083	1.0711693	0.3643233	0.0138209	0.7444123	0.0104868	0.8791829	0.0407206

0	0.0207522	1.0491202	1.0367315	1.0173827	0.4207443	0.0146601	0.7468318	0.0151882	0.8677134	0.0135140
50	0.0312710	0.8778849	1.0868050	0.7116073	0.4286264	0.0169856	0.8828019	0.0349819	0.9178245	0.0114467
100	0.0233003	0.4142519	1.0297013	0.6318967	0.5727848	0.0142254	0.8241434	0.0376379	0.9179228	0.0226319
150	0.0223338	0.2598418	0.9845339	0.4679368	0.6118026	0.0099795	0.6747662	0.0204846	0.8861861	0.0133789
200	0.0468818	0.1731678	0.9747813	0.3907927	0.6079178	0.0037154	0.4481046	0.0233579	0.7381302	0.0015294
250	0.0692547	0.1349631	1.0524559	0.3363287	0.6742543	0.0034641	0.3199467	0.0291274	0.5954101	0.0199013
300	0.0657465	0.1537703	1.0469480	0.3047874	0.6072027	0.0008743	0.2438024	0.0215169	0.6534593	0.0164822
350	0.0865362	0.1413298	1.0732849	0.3438420	0.6658618	0.0031326	0.2471181	0.0159555	0.5948214	0.0109229
400	0.0812336	0.1540858	1.0340990	0.2997091	0.6777026	0.0064033	0.2253543	0.0376274	0.5722368	0.0158078
450	0.1087944	0.1350100	0.9488694	0.2852809	0.6416829	0.0104890	0.2058092	0.0591407	0.5574792	0.0079534
500	0.1102583	0.1427258	1.0535341	0.2912938	0.6957194	0.0085553	0.1711841	0.0636469	0.5756221	0.0158501
550	0.0693144	0.3718270	1.0171383	0.3840396	0.5709061	0.0204579	0.2211141	0.0607458	0.5712666	0.0118432
600	0.0578174	0.7246569	0.8832896	0.6816440	0.5561375	0.0150495	0.4063723	0.0519061	0.7172830	0.0220751
650	0.0250287	0.7776432	0.9561594	0.8279322	0.5483518	0.0089857	0.5807812	0.0439198	0.7919260	0.0145867
700	0.0327816	1.0087607	0.9580755	0.9016858	0.5055465	0.0094835	0.6999146	0.0266693	0.8999235	0.0362187
750	0.0285906	1.0435630	1.0843004	1.0368887	0.4223849	0.0098629	0.6540674	0.0438006	0.8749753	0.0405530
800	0.0121894	1.0760643	1.0669255	1.0051592	0.4096374	0.0092069	0.7148432	0.0485504	0.9700892	0.0181583
850	0.0215048	1.0442586	1.0004268	1.0197110	0.3870729	0.0100266	0.7815615	0.0438050	0.9177192	0.0074351
900	0.0122459	1.0509513	1.0039251	1.0019599	0.4057154	0.0226288	0.8353556	0.0298209	0.9611692	0.0160223
950	0.0016573	1.0327528	0.8906469	1.0181226	0.4318476	0.0072880	0.7936656	0.0065774	1.0312651	0.0233119
1000	0.0129336	0.9457632	0.9087986	1.0534036	0.3855273	0.0176919	0.8091544	0.0138978	1.0252419	0.0336091

0	0.0207522	1.0491202	1.0367315	1.0173827	0.4207443	0.0146601	0.7468318	0.0151882	0.8677134	0.0135140
50	0.0167248	0.8373346	1.0396045	0.8667576	0.4639603	0.0250540	0.7362671	0.0171034	0.9965296	0.0152513
100	0.0157593	0.5271099	0.9346114	0.7520010	0.4524580	0.0282325	0.7148207	0.0118445	0.8976604	0.0208537
150	0.0211975	0.4042110	1.0072200	0.7694050	0.4155152	0.0235175	0.6935338	0.0087086	0.9187164	0.0245630
200	0.0227501	0.3283236	1.0358513	0.7680670	0.3588340	0.0137127	0.5779362	0.0171854	0.8481653	0.0216630
250	0.0215073	0.3356787	0.9631713	0.6853709	0.3690660	0.0160892	0.4560871	0.0239953	0.8184052	0.0265480
300	0.0334897	0.3831055	0.9640812	0.6582258	0.3704216	0.0117765	0.4701566	0.0313848	0.7957507	0.0100194
350	0.0240781	0.3989901	0.9762025	0.7478550	0.3584567	0.0217148	0.4026969	0.0273706	0.8223999	0.0161795
400	0.0277904	0.3160620	0.9370993	0.7082549	0.3642508	0.0218398	0.4005174	0.0318526	0.7971687	0.0198511
450	0.0359970	0.3222506	0.9750575	0.6550062	0.3649783	0.0182812	0.4227959	0.0273977	0.7971962	0.0167728
500	0.0376294	0.2752107	1.0564179	0.5589970	0.4106618	0.0185884	0.4919808	0.0241407	0.8333183	0.0261619
550	0.0380274	0.5379979	1.0291859	0.7166992	0.4669584	0.0143736	0.4210410	0.0150179	0.7962561	0.0092179
600	0.0174333	0.7737538	0.9452658	0.9198278	0.3968839	0.0218534	0.4992880	0.0292936	0.9242266	0.0104586
650	0.0259428	0.8938307	1.0156837	0.9970743	0.3473118	0.0113377	0.6302792	0.0285775	0.9232432	0.0101492
700	0.0110029	0.9492838	0.9791874	1.0380736	0.3920494	0.0147156	0.6215872	0.0254708	0.8721404	0.0288334
750	0.0125573	1.0362346	0.9809128	1.1984007	0.3281157	0.0127388	0.7397284	0.0251160	0.9843557	0.0113566
800	0.0028641	1.0899565	0.9222499	1.1352360	0.3621747	0.0149043	0.6680351	0.0188910	0.8931813	0.0140350
850	0.0098267	1.1150986	0.9933961	1.1247610	0.3416584	0.0200271	0.8274153	0.0103546	0.9370876	0.0062478
900	0.0049654	1.0942872	1.0316105	0.8746650	0.4167078	0.0103383	0.7847859	0.0105720	0.8938773	0.0112612
950	0.0081486	0.9964708	0.9351056	0.9742891	0.4094857	0.0084378	0.8358566	0.0150395	0.8659730	0.0206251
1000	0.0054100	0.8669725	1.0919027	0.9968302	0.3397774	0.0095065	0.7777489	0.0194819	0.8738919	0.0254672

0	0.0207522	1.0491202	1.0367315	1.0173827	0.4207443	0.0146601	0.7468318	0.0151882	0.8677134	0.0135140
50	0.0176808	1.0008373	1.0582829	0.9806061	0.3377607	0.1212504	0.7636060	0.0199901	0.9955647	0.0259328
100	0.0142351	1.0624253	1.0095575	0.9349070	0.3928656	0.3186361	0.7492189	0.0208475	0.9312564	0.0293592
150	0.0071684	1.1269702	0.8974290	0.9298337	0.4773955	0.5004191	0.6697745	0.0148630	0.9195214	0.0119225
200	0.0274451	1.1169486	1.0245557	0.9606987	0.4056741	0.5142347	0.8102803	0.0146127	0.8941972	0.0125032
250	0.0244729	1.1098348	1.0289518	0.9518159	0.4090068	0.4801274	0.9050659	0.0249097	0.8811714	0.0301253
300	0.0140341	1.0544093	0.9957952	1.0562957	0.3721926	0.5313270	0.8016511	0.0336165	0.9020082	0.0238553
350	0.0152475	1.0903081	1.0362372	1.0265584	0.3218782	0.5158045	0.7512020	0.0134298	0.9102878	0.0204899
400	0.0186181	1.0557723	1.0747530	1.0009138	0.4245938	0.5907357	0.8128879	0.0234235	0.9771098	0.0169573
450	0.0180389	1.0187894	1.0426803	0.9455652	0.3370592	0.5625741	0.8598412	0.0240441	0.9957440	0.0131112
500	0.0145867	1.0411667	1.0122163	0.9412034	0.2799255	0.6147069	0.8492640	0.0164091	0.9308811	0.0364312
550	0.0161828	1.0551912	0.9695226	1.0257573	0.3832132	0.4542054	0.8879601	0.0130963	0.9790585	0.0346600
600	0.0078866	0.9977084	1.0548874	1.0147138	0.4047998	0.2940345	0.8409700	0.0134049	0.8381860	0.0208059
650	0.0153237	1.0078726	0.9822060	1.0040222	0.3636858	0.1674757	0.8226361	0.0122691	0.9549121	0.0298450
700	0.0153111	1.0668310	1.0190634	1.0271282	0.3389932	0.0643720	0.8631465	0.0199632	1.0214384	0.0360788
750	0.0046818	1.1460650	0.9689353	0.9621033	0.3930961	0.0375509	0.8381816	0.0189579	0.9582622	0.0147657
800	0.0094948	1.0974527	0.9361711	0.9736569	0.3889688	0.0272130	0.8297224	0.0135004	0.9140179	0.0349730
850	0.0103894	1.0178294	0.8861750	0.9657649	0.4103419	0.0226191	0.8300292	0.0071444	0.8989695	0.0164605
900	0.0136090	1.0447633	1.0614017	0.9615218	0.4236223	0.0163029	0.8130258	0.0106703	0.9558875	0.0273709
950	0.0094621	0.9843410	1.0429726	0.9830740	0.4668555	0.0068355	0.7972349	0.0162488	0.9575611	0.0271095
1000	0.0101778	0.9650757	1.0684687	0.9667779	0.3743371	0.0081360	0.9339725	0.0114857	0.9301303	0.0229846

0	0.0207522	1.0491202	1.0367315	1.0173827	0.4207443	0.0146601	0.7468318	0.0151882	0.8677134	0.0135140
50	0.0107948	0.9689483	0.8400672	0.7836027	0.3625547	0.0327858	0.7421695	0.0345020	0.7874493	0.2873901
100	0.0092296	0.9763323	0.6769595	0.5666195	0.4050215	0.0490558	0.8351253	0.0239987	0.8505515	0.3909056
150	0.0039658	1.0125526	0.5649985	0.5253335	0.4183286	0.0442796	0.7831861	0.0181852	0.8633633	0.3596982
200	0.0000000	0.8687521	0.5327283	0.4981482	0.4525729	0.0279700	0.7990789	0.0038415	0.7504570	0.4078884
250	0.0007781	0.8176809	0.5016567	0.5862806	0.4433144	0.0372188	0.7648530	0.0014411	0.7218853	0.4472224
300	0.0008422	0.8198287	0.5567552	0.5269974	0.5106263	0.0246586	0.7027307	0.0046909	0.7130022	0.4732524
350	0.0026719	0.8100351	0.5337201	0.4867435	0.5254278	0.0462644	0.6632572	0.0064551	0.8288333	0.4730640
400	0.0030211	0.9543846	0.5353781	0.4183626	0.5003993	0.0369933	0.6841318	0.0051060	0.7848623	0.4906377
450	0.0011278	0.9390200	0.5167709	0.4401933	0.5187123	0.0404006	0.6531413	0.0071303	0.8807849	0.5600459
500	0.0006963	0.9667660	0.5049074	0.4725939	0.5303216	0.0479532	0.6377126	0.0016309	0.7281652	0.5406906
550	0.0129032	0.9247445	0.6497310	0.6003982	0.6332993	0.0294960	0.7210180	0.0044427	0.7471122	0.2268412
600	0.0219844	1.0521616	0.8447879	0.8062749	0.5360951	0.0179148	0.9194392	0.0122667	0.7957470	0.0618153
650	0.0449240	1.0936482	0.9232298	0.9529703	0.5270511	0.0120805	0.8395028	0.0172129	0.9461823	0.0173081
700	0.0274323	1.1294576	0.9384969	1.0503175	0.4902427	0.0069471	0.7532477	0.0244218	0.8463085	0.0240864
750	0.0222406	1.0376528	1.0169486	1.0050360	0.4297593	0.0094523	0.7837833	0.0300873	0.9364561	0.0255616
800	0.0145373	1.0030326	1.0630718	0.9680473	0.3986217	0.0043685	0.7789323	0.0196508	0.9211726	0.0230285
850	0.0194583	1.0318243	1.0685084	1.0012748	0.3710674	0.0154470	0.7712012	0.0249560	0.9486149	0.0206068
900	0.0217662	1.0494743	1.0321501	0.9629134	0.3320084	0.0280815	0.7118908	0.0231370	0.9018573	0.0093183
950	0.0231310	0.9924392	1.0108562	0.9646569	0.4118254	0.0254852	0.7613975	0.0308501	0.9427012	0.0047610
1000	0.0259949	0.9948858	0.9428503	0.8835925	0.4028061	0.0169522	0.8177008	0.0412080	0.8417022	0.0260760

0	0.0207522	1.0491202	1.0367315	1.0173827	0.4207443	0.0146601	0.7468318	0.0151882	0.8677134	0.0135140
50	0.0162950	0.8167218	0.9997295	0.6098721	0.4084354	0.0045119	0.8787918	0.0104043	0.9686796	0.0606924
100	0.0225118	0.6351121	0.9931565	0.2961666	0.4806291	0.0137471	0.7370616	0.0043807	0.8244657	0.0932838
150	0.0840244	0.5238625	0.9622467	0.1568225	0.5138161	0.0093254	0.6369064	0.0151909	0.8833121	0.0851786
200	0.1090770	0.4275458	0.9964277	0.0826041	0.5846690	0.0135583	0.6667618	0.0222452	0.7376769	0.0913359
250	0.1771681	0.4370208	1.0053400	0.0822109	0.6373216	0.0142230	0.5694960	0.0253616	0.7311293	0.0840751
300	0.2637548	0.4640328	0.9167417	0.0720578	0.7669014	0.0131643	0.5549583	0.0236920	0.6053907	0.1060023
350	0.3731524	0.4669995	0.9351607	0.0174797	0.6980019	0.0117944	0.6349870	0.0385969	0.5069554	0.1069255
400	0.3692142	0.4759068	0.9680926	0.0230162	0.8368417	0.0111725	0.6515129	0.0237853	0.4058229	0.1540136
450	0.3912100	0.4272188	0.9574018	0.0294744	0.8183586	0.0123058	0.5890863	0.0331742	0.3334658	0.1873621
500	0.3705771	0.4668238	0.9398659	0.0102681	0.8191278	0.0155914	0.4960451	0.0229158	0.3281526	0.1771559
550	0.3969291	0.5793645	1.0005949	0.1016117	0.7664323	0.0135758	0.4980709	0.0184333	0.2943265	0.1763837
600	0.3475913	0.8577546	1.0469489	0.1502133	0.8936745	0.0052409	0.4135058	0.0555795	0.3764299	0.1163582
650	0.2192769	0.9106277	1.0435364	0.1901545	0.7686035	0.0061664	0.3630903	0.0697517	0.4619770	0.1046410
700	0.1398261	0.9915395	1.0196721	0.2334843	0.6019382	0.0067938	0.5396822	0.0738697	0.5082826	0.0806397
750	0.1255180	0.9331943	1.0429975	0.3359135	0.5832047	0.0026997	0.5808454	0.0610970	0.6748445	0.0363021
800	0.1210099	0.9616615	1.0055273	0.4171265	0.6164086	0.0016798	0.6440295	0.0740583	0.8579173	0.0322517
850	0.0724667	1.0236692	0.9818193	0.4896213	0.5779451	0.0080077	0.7083744	0.1019576	0.9508325	0.0413334
900	0.0517516	0.9548902	0.9140822	0.6383840	0.6190303	0.0123960	0.7118301	0.0516460	0.9571075	0.0220562
950	0.0284951	0.9749186	0.8998891	0.8467199	0.5350655	0.0260530	0.7822879	0.0540474	0.9691491	0.0050007
1000	0.0227104	1.0589660	1.0797435	0.9574905	0.4149659	0.0350833	0.6679329	0.0653671	0.9568227	0.0187405

0	0.0207522	1.0491202	1.0367315	1.0173827	0.4207443	0.0146601	0.7468318	0.0151882	0.8677134	0.0135140
50	0.0035434	1.0131117	0.9702737	0.9932514	0.4007215	0.2183596	0.7551374	0.0262128	0.8177074	0.1621938
100	0.0097736	1.0541459	1.0159929	0.9851257	0.3987244	0.3868718	0.7477208	0.0071268	0.8494864	0.2541107
150	0.0189615	1.0538561	0.9959742	1.0091037	0.4053230	0.6108830	0.7299287	0.0153208	0.9684929	0.3091613
200	0.0142571	0.9916058	0.9508776	1.1057268	0.4708038	0.7165889	0.6987783	0.0132122	1.0827440	0.3362119
250	0.0115272	0.8998624	0.8993496	1.0220052	0.3996986	0.7745364	0.7094178	0.0082374	0.9614156	0.2379478
300	0.0148508	1.0132590	0.9143427	0.9929942	0.3779058	0.7838181	0.7893188	0.0143143	0.9284273	0.3074874
350	0.0028601	0.8250351	1.0123085	1.0125953	0.3721755	0.8001741	0.7123355	0.0045429	0.9506442	0.3677447
400	0.0124752	0.9884344	0.9799429	1.0844506	0.4517560	0.7651971	0.7782168	0.0031837	0.9453226	0.3090424
450	0.0099838	0.9032821	0.9329356	1.0001473	0.3746091	0.7508872	0.7368454	0.0052898	0.9543770	0.2936648
500	0.0066738	1.0028486	0.9648727	0.9689161	0.3991504	0.8086636	0.7740839	0.0082752	0.9201576	0.3434533
550	0.0116369	0.9566664	0.9585453	1.0539770	0.3441148	0.5695969	0.8190290	0.0107801	0.8962326	0.1292969
600	0.0115341	1.0542472	0.9867581	1.0093290	0.3872867	0.2742563	0.7643641	0.0070906	0.8711229	0.0488047
650	0.0182571	1.0535964	1.0303921	0.9992888	0.4133022	0.1444503	0.7445554	0.0122706	0.8631936	0.0221374
700	0.0179143	1.0875577	0.9966404	1.0125021	0.3983495	0.0570027	0.7282895	0.0307451	0.8804104	0.0128925
750	0.0133361	0.9778694	0.9652992	1.0538025	0.3719955	0.0391556	0.8073119	0.0125867	0.9213695	0.0138330
800	0.0084029	1.0543278	0.9586150	1.0367907	0.3876150	0.0160013	0.7820738	0.0184554	0.9266691	0.0209573
850	0.0066330	1.0368986	0.9149950	0.9526769	0.3935765	0.0108485	0.7701049	0.0198081	0.9633725	0.0126287
900	0.0058289	0.9501136	0.9225625	0.9495132	0.4084499	0.0097712	0.8339883	0.0134102	0.9846772	0.0226569
950	0.0030244	0.9442361	0.9396755	1.0391204	0.3670691	0.0093053	0.7170769	0.0092449	0.9196166	0.0229652
1000	0.0085454	1.0272569	1.0332041	0.9826668	0.3321183	0.0164635	0.6885507	0.0133173	1.0163839	0.0137055

0	0.0207522	1.0491202	1.0367315	1.0173827	0.4207443	0.0146601	0.7468318	0.0151882	0.8677134	0.0135140
50	0.0310378	0.9759744	1.0226106	1.0636765	0.3683862	0.0201416	0.7951444	0.0344965	0.9307004	0.1714980
100	0.0105548	0.9831884	0.9728198	1.0590885	0.3930073	0.0150811	0.7515226	0.0248648	1.0228743	0.2841550
150	0.0016347	1.0120575	0.9986375	0.9719387	0.4203878	0.0063398	0.7877131	0.0253727	1.0645001	0.2993185
200	0.0085983	0.9840149	1.0682696	1.0204215	0.3992379	0.0195327	0.6570354	0.0235645	1.0055012	0.3887297
250	0.0060327	0.9973534	1.0783300	0.9313905	0.3244830	0.0046768	0.8368211	0.0144801	0.9896974	0.3440613
300	0.0006998	0.9368724	0.9935019	1.0347719	0.4446402	0.0033433	0.8544357	0.0192798	0.9586767	0.3611541
350	0.0010427	0.9821747	1.0059969	1.2200136	0.4072455	0.0115532	0.8622177	0.0054951	0.9522691	0.3161684
400	0.0000132	1.0624061	1.0011841	1.1015775	0.4546959	0.0176187	0.7523771	0.0044187	0.9220020	0.3761204
450	0.0003673	0.9657087	1.0036512	1.0371717	0.3854250	0.0013137	0.8317716	0.0082922	0.9347860	0.4187857
500	0.0006583	1.1096613	1.0701678	1.0237664	0.4052423	0.0087591	0.7969303	0.0061988	0.9428585	0.3888138
550	0.0051179	0.9553900	0.9463788	1.0320981	0.3677948	0.0021462	0.8868656	0.0052412	1.0108402	0.2153701
600	0.0236934	1.0208222	0.9883360	1.0358235	0.3503416	0.0000588	0.8530020	0.0075129	1.0126015	0.0621678
650	0.0084935	1.1180944	0.9863675	1.0535276	0.3478577	0.0043815	0.8432356	0.0264421	0.8713721	0.0262297
700	0.0083490	1.1170784	0.9452489	0.9433376	0.4185783	0.0073759	0.7913308	0.0221950	0.9029932	0.0261006
750	0.0105556	0.9680278	0.9557073	0.9624434	0.3595834	0.0054318	0.8293538	0.0124129	0.9084082	0.0344786
800	0.0181824	0.9452827	0.9164025	1.0737956	0.3599409	0.0108943	0.7702098	0.0138275	0.8958172	0.0386587
850	0.0216241	1.0014793	0.9967503	0.9599126	0.3428598	0.0167916	0.8145347	0.0170247	0.8199235	0.0216671
900	0.0253698	1.0199619	1.0458443	0.9677889	0.3312997	0.0184783	0.8707755	0.0193624	0.8696686	0.0244862
950	0.0166765	1.0691280	1.0341831	1.1163655	0.3506505	0.0041748	0.7982179	0.0113032	0.9262400	0.0357453
1000	0.0102016	1.0981150	1.0379040	1.0466594	0.3391655	0.0087516	0.7710872	0.0286966	0.9761159	0.0062121

0	0.0207522	1.0491202	1.0367315	1.0173827	0.4207443	0.0146601	0.7468318	0.0151882	0.8677134	0.0135140
50	0.0068472	1.0268431	0.9047432	1.0629043	0.3978483	0.0192496	0.6139553	0.0164209	0.9019965	0.3082617
100	0.0129423	0.9974650	0.9733978	1.0428760	0.4433912	0.0137014	0.6490806	0.0125195	0.8547298	0.4815950
150	0.0233260	1.0269376	0.9065898	0.9960957	0.4421348	0.0095972	0.6734377	0.0114603	0.9239064	0.5421080
200	0.0163157	1.0414863	0.9345622	1.0337017	0.4931599	0.0159255	0.7465857	0.0099635	0.9519792	0.5999967
250	0.0259688	0.9569681	1.0275468	1.0030531	0.5782136	0.0153868	0.6669849	0.0109552	0.9695454	0.6369079
300	0.0290767	1.0470237	1.0488214	1.0456918	0.5717678	0.0080162	0.7841528	0.0334972	0.9833871	0.6012598
350	0.0243986	1.0070259	1.1155785	1.0208269	0.4689886	0.0074092	0.7811675	0.0238392	0.9638477	0.6797058
400	0.0113124	0.9754867	1.0822801	1.0667301	0.5212417	0.0065760	0.7881832	0.0222446	1.0066909	0.6740548
450	0.0140450	0.9155579	0.9827285	1.1032282	0.5387352	0.0152994	0.8319161	0.0206334	0.9876782	0.5832737
500	0.0086701	0.9115599	1.0883751	0.8473557	0.5605340	0.0037069	0.7421485	0.0113982	0.8900926	0.7076902
550	0.0201205	0.7943163	1.1199625	0.9118611	0.5693144	0.0062800	0.7212800	0.0102072	0.9351407	0.2960631
600	0.0175312	0.9573119	1.0559858	1.0809345	0.4875079	0.0174799	0.7260246	0.0099056	0.8899600	0.1123291
650	0.0117316	0.9445447	0.9522645	0.9427990	0.4497099	0.0101991	0.7160094	0.0099988	0.9453886	0.0607506
700	0.0186856	0.9405784	0.9951290	0.9205034	0.3987444	0.0124464	0.7613193	0.0141016	0.9153728	0.0375958
750	0.0048150	1.0070411	1.0657127	1.0168946	0.3704245	0.0112405	0.7497625	0.0089993	0.9135859	0.0140545
800	0.0119823	1.0199787	1.0599817	1.0250051	0.3992574	0.0118628	0.7659206	0.0073488	0.9225398	0.0153613
850	0.0156780	1.1325253	1.0088415	0.9995079	0.3555617	0.0083569	0.7526329	0.0098723	0.9432979	0.0082115
900	0.0190172	1.0622762	1.0500396	1.0724104	0.4126788	0.0117562	0.7332873	0.0146298	1.0270977	0.0168511
950	0.0194426	0.9586191	1.0168399	1.1237981	0.3615531	0.0042567	0.7269139	0.0113336	0.9763217	0.0064301
1000	0.0134539	0.9472149	0.9487377	1.0506663	0.3360945	0.0099705	0.7815137	0.0207108	0.9889274	0.0196737

0	0.0207522	1.0491202	1.0367315	1.0173827	0.4207443	0.0146601	0.7468318	0.0151882	0.8677134	0.0135140
50	0.0161719	0.8586797	0.9715655	0.6899361	0.3809966	0.2748834	0.8118532	0.0550406	0.8154092	0.0227498
100	0.0309275	0.5926166	0.9075733	0.5210230	0.3715486	0.5657867	0.7900190	0.0289553	0.8803289	0.0268999
150	0.0279378	0.5278636	0.9510542	0.5162936	0.3408831	0.7609305	0.8045373	0.0111439	0.7799228	0.0285516
200	0.0376130	0.4583512	0.9937160	0.5028377	0.3638650	0.8383908	0.6668424	0.0314403	0.8668694	0.0251310
250	0.0410313	0.4796854	0.9063950	0.4134877	0.3813728	0.9315942	0.6523142	0.0184545	0.8272138	0.0187544
300	0.0487536	0.5191280	0.9914185	0.4766105	0.4361659	0.8609648	0.6843160	0.0121279	0.7993651	0.0229072
350	0.0364564	0.4604397	0.9892815	0.5344003	0.4459359	0.8068040	0.5885217	0.0198018	0.8048189	0.0173791
400	0.0599685	0.3966577	1.0091375	0.4815396	0.3783865	0.9006514	0.6785488	0.0278208	0.9072265	0.0365081
450	0.0439383	0.4401633	1.0367434	0.4565944	0.3663477	0.9777554	0.6661397	0.0538434	0.8629907	0.0329789
500	0.0499550	0.4165156	1.0398074	0.3802537	0.3133030	0.9847663	0.5893048	0.0411771	0.7559287	0.0253447
550	0.0733016	0.6215221	1.0644355	0.5809644	0.3950494	0.7515636	0.5506405	0.0362736	0.8402641	0.0159154
600	0.0736637	0.7729494	0.9907978	0.7376116	0.5004027	0.4347824	0.5653049	0.0458708	0.9335178	0.0207703
650	0.0384205	0.8990492	1.0231512	0.8104363	0.4704584	0.2186371	0.7174136	0.0773236	0.9698434	0.0246294
700	0.0205980	0.8727427	0.9569511	0.8654108	0.4804742	0.1200463	0.7006377	0.0341916	0.9831790	0.0171663
750	0.0150162	0.8995329	0.9585772	0.9110210	0.4589353	0.0627401	0.6574333	0.0113188	0.9336056	0.0180201
800	0.0177079	0.8977431	0.9710696	0.8711587	0.4166135	0.0447468	0.7678944	0.0098020	0.9068525	0.0117764
850	0.0162448	0.9483419	1.0275646	1.0071564	0.3801245	0.0127440	0.7589806	0.0295153	0.9072690	0.0131009
900	0.0099401	0.9833757	0.9706891	0.9685924	0.3582529	0.0051993	0.7809320	0.0257169	0.8697065	0.0246045
950	0.0171168	0.9756221	1.1030790	1.0273163	0.4127769	0.0029325	0.7037629	0.0107075	0.9002376	0.0097653
1000	0.0145240	1.0130728	1.0349439	1.1008669	0.3592193	0.0038322	0.7062086	0.0112630	0.9037723	0.0123412

0	0.0207522	1.0491202	1.0367315	1.0173827	0.4207443	0.0146601	0.7468318	0.0151882	0.8677134	0.0135140
50	0.0103125	0.8486683	0.9866651	0.7850952	0.2830075	0.0123014	0.7123983	0.2224211	0.8767313	0.0194727
100	0.0104052	0.8720220	0.9174486	0.5144906	0.2148054	0.0064156	0.7549000	0.3807660	0.7316332	0.0278454
150	0.0269397	0.8533687	0.8976349	0.3265091	0.2534138	0.0127974	0.8560293	0.4577184	0.7247219	0.0142416
200	0.0590990	0.8950613	0.9176799	0.2415862	0.2590471	0.0111985	0.7700966	0.5884270	0.6582674	0.0168570
250	0.0464869	0.8389262	0.9508366	0.2124567	0.2676205	0.0072953	0.7615770	0.5686492	0.5785360	0.0353305
300	0.1014914	0.8422960	1.0286803	0.2220510	0.3166104	0.0115920	0.7700945	0.4978124	0.6919605	0.0258752
350	0.0924171	0.8765512	1.0605110	0.1743871	0.3188134	0.0117016	0.6969167	0.4876996	0.6648427	0.0157795
400	0.0911830	0.8962682	1.0383452	0.1295899	0.3230609	0.0077707	0.7525200	0.5158519	0.6356722	0.0175687
450	0.1242823	0.9026609	1.0233998	0.1711920	0.2880232	0.0127644	0.7552061	0.4965207	0.6980973	0.0195402
500	0.1320730	0.9334167	1.0228800	0.1154891	0.3327604	0.0080025	0.7206359	0.5309075	0.6153343	0.0242248
550	0.1313296	0.9433906	1.0257839	0.2516779	0.4710451	0.0098468	0.6018182	0.3943574	0.6663518	0.0118052
600	0.1039304	0.9389379	0.9763225	0.3236495	0.6739367	0.0058601	0.5949804	0.1990713	0.8466457	0.0235042
650	0.0762148	0.9541687	0.9851645	0.5808760	0.5981466	0.0220734	0.7160101	0.1419903	0.8039538	0.0268268
700	0.0683622	0.8880747	0.9885864	0.7959695	0.5454646	0.0261546	0.6650744	0.0960500	0.7373051	0.0161357
750	0.0307322	0.9472806	0.9172287	0.8256939	0.4882197	0.0195070	0.6855575	0.0547082	0.8534980	0.0206166
800	0.0194030	1.0733097	0.9565756	0.9415481	0.4732911	0.0197682	0.7052408	0.0514133	0.8778336	0.0256941
850	0.0272339	1.0351635	0.9429196	0.9478112	0.4094512	0.0155555	0.7672377	0.0239492	1.0131607	0.0382718
900	0.0299713	0.9935963	0.9492266	0.9790082	0.4298447	0.0048133	0.7005192	0.0193069	0.9565401	0.0200807
950	0.0168265	0.9329264	0.9864004	1.0268577	0.4149315	0.0048764	0.7957085	0.0404859	0.8608492	0.0063626
1000	0.0194246	0.9461606	0.9541333	1.0831603	0.3821070	0.0110443	0.7980999	0.0196265	0.9209207	0.0035305

0	0.0207522	1.0491202	1.0367315	1.0173827	0.4207443	0.0146601	0.7468318	0.0151882	0.8677134	0.0135140
50	0.0110219	0.8373241	0.7920724	0.7115677	0.4221191	0.0144838	0.7129266	0.4097500	0.8671193	0.4041490
100	0.0028014	0.5137990	0.5644678	0.5836914	0.4403260	0.0111542	0.6545512	0.6998759	0.9146637	0.5828770
150	0.0015693	0.3321591	0.4803309	0.4365470	0.4979173	0.0079929	0.6515083	0.7805546	0.9544029	0.8912202
200	0.0115383	0.2654554	0.3930329	0.3640459	0.4797790	0.0027196	0.5589162	0.8880673	0.7243353	0.8203867
250	0.0068750	0.2026691	0.3250324	0.4087651	0.4840762	0.0047489	0.4481288	0.8972874	0.7106706	0.8831435
300	0.0143197	0.1871268	0.3164240	0.3828326	0.4756111	0.0073488	0.3191153	0.9349669	0.6801728	0.8881139
350	0.0191264	0.2108556	0.3397848	0.3818192	0.4586469	0.0157105	0.2920697	0.9807833	0.6139161	0.8331619
400	0.0137100	0.1718459	0.3127036	0.4030353	0.4295004	0.0182419	0.2547318	0.9351150	0.6634119	0.7264802
450	0.0177456	0.2078267	0.3609083	0.4567339	0.4398905	0.0202874	0.3019057	0.9325299	0.6362588	0.9066864
500	0.0095327	0.1844772	0.4168211	0.4032072	0.4030987	0.0152110	0.2710870	1.0260803	0.6112679	0.7886391
550	0.0216109	0.5043119	0.5736315	0.6511198	0.4085576	0.0113594	0.2995875	0.6512332	0.6707204	0.4080171
600	0.0228454	0.7891269	0.8086880	0.8892213	0.4106102	0.0037788	0.4915599	0.2598447	0.7639161	0.1164452
650	0.0108826	0.8712378	0.8997926	0.9906725	0.4498255	0.0046915	0.5644505	0.1212715	0.8826414	0.0413678
700	0.0044274	0.8995172	0.9668536	0.9787630	0.4290156	0.0064931	0.6192674	0.0619060	0.9253663	0.0071193
750	0.0015123	0.8829716	0.9219454	0.9824110	0.4208919	0.0126999	0.7778735	0.0289343	0.9030822	0.0073316
800	0.0082403	0.9852930	0.9871523	1.0079643	0.4919355	0.0094705	0.8289566	0.0148895	0.8563746	0.0173202
850	0.0063630	1.0324448	1.0180386	0.9136360	0.4568880	0.0109607	0.7988199	0.0111870	0.8137172	0.0157865
900	0.0119860	1.0852139	0.9799782	1.0205177	0.4250088	0.0144242	0.7884165	0.0084764	0.9584929	0.0212308
950	0.0173650	1.0668666	0.9645177	0.9980050	0.4319756	0.0179539	0.7264720	0.0162446	0.8740469	0.0270417
1000	0.0179005	1.0491326	1.0210313	1.0393802	0.4269369	0.0105372	0.7160798	0.0193366	0.9030999	0.0518156

0	0.0207522	1.0491202	1.0367315	1.0173827	0.4207443	0.0146601	0.7468318	0.0151882	0.8677134	0.0135140
50	0.0185326	1.0464326	1.0513152	1.0751190	0.3636323	0.0058700	0.8700581	0.3267434	1.0027356	0.1789372
100	0.0154170	0.9646257	0.9928532	1.1254952	0.3570750	0.0064711	0.9970802	0.6576870	0.8461386	0.2329061
150	0.0081011	0.9750282	0.9565023	1.0096047	0.3731268	0.0013722	0.8564737	0.7065027	0.8910660	0.2432611
200	0.0022915	1.0653101	0.9266031	1.0175470	0.3229101	0.0068109	0.9539454	0.7978393	0.9001432	0.2650122
250	0.0076944	1.0241727	1.0285251	0.9839502	0.3850106	0.0117701	1.0452602	0.9153271	0.9338513	0.2733397
300	0.0086160	1.0100730	1.0685903	0.9835105	0.3041966	0.0061933	1.0007967	0.9855066	0.9454399	0.2507163
350	0.0081491	0.9968676	1.0152770	0.9915823	0.4003671	0.0097499	0.8976208	0.9388605	0.9362879	0.2846565
400	0.0078689	0.9386966	0.9786266	0.9581474	0.3781725	0.0132957	1.0596005	0.9033614	0.9375803	0.3057721
450	0.0121538	0.9071440	0.9400086	1.0222305	0.3830095	0.0371270	0.8663617	0.8939258	0.9500243	0.2475552
500	0.0099445	0.9044784	0.9774037	1.0099653	0.3686301	0.0232291	0.9188527	0.8736436	0.9998090	0.3237209
550	0.0126829	0.8353899	1.0338583	0.9464705	0.3383770	0.0155656	0.9011582	0.4695940	0.9294658	0.1674249
600	0.0090808	0.9618116	1.0809622	0.9657328	0.3802866	0.0162484	0.8192912	0.2259542	0.9347214	0.0719590
650	0.0215587	1.0337183	1.0634162	0.9117845	0.3991161	0.0063315	0.7457096	0.0741201	0.8826964	0.0151055
700	0.0152914	1.0353921	1.0677531	0.9370539	0.4382076	0.0115867	0.7648848	0.0513603	0.8306480	0.0024209
750	0.0132719	0.9397750	0.9921254	0.9937212	0.4168611	0.0069282	0.7659063	0.0341316	0.9555632	0.0084906
800	0.0076255	1.0227781	1.0773419	1.0246143	0.4069159	0.0032758	0.6904674	0.0202115	0.9211369	0.0084289
850	0.0172689	0.9618821	1.0550974	0.9221227	0.3313659	0.0058987	0.7890387	0.0152677	0.9507589	0.0029923
900	0.0198498	0.9975408	1.0522506	0.9439029	0.3652611	0.0161117	0.7860713	0.0179163	0.9548903	0.0159868
950	0.0313653	0.9155202	0.9443934	1.0482220	0.3736539	0.0127607	0.6949860	0.0212238	0.9433960	0.0184100
1000	0.0354938	1.0322998	1.0315565	0.9921847	0.3594798	0.0098758	0.7062784	0.0319380	1.0746121	0.0117684

0	0.0207522	1.0491202	1.0367315	1.0173827	0.4207443	0.0146601	0.7468318	0.0151882	0.8677134	0.0135140
50	0.0122475	0.7333766	0.9357136	0.9905816	0.4131109	0.0062941	0.7991316	0.1886541	0.8746124	0.0058194
100	0.0124830	0.3557172	0.9726464	1.0213895	0.4703855	0.0100139	0.7793461	0.3338895	0.8346522	0.0111534
150	0.0028275	0.1970504	1.0324511	1.0231605	0.4179197	0.0124270	0.6438488	0.4117988	0.7670081	0.0070190
200	0.0239933	0.1630411	0.9940481	1.0380258	0.3419196	0.0133547	0.5549714	0.3930663	0.6670297	0.0103506
250	0.0371084	0.1206711	1.0366282	0.9363410	0.2887108	0.0052719	0.5933671	0.4307006	0.6611907	0.0267898
300	0.0637402	0.0704104	0.9693036	1.0179339	0.2383143	0.0017473	0.6594491	0.4281532	0.5582625	0.0136415
350	0.0719081	0.0923516	0.9885038	0.9294317	0.2327763	0.0055118	0.5941565	0.4941348	0.5532080	0.0271904
400	0.1053961	0.0883147	1.0183964	0.8671393	0.2794417	0.0112035	0.6043428	0.4366244	0.5236297	0.0287312
450	0.0952288	0.1066065	1.0199228	0.7545323	0.2574476	0.0110467	0.6323572	0.4738589	0.5986741	0.0191424
500	0.0941528	0.0593789	1.0724882	0.7420172	0.2894931	0.0150706	0.5737953	0.4606780	0.5680111	0.0178216
550	0.1082011	0.3564241	1.0481445	0.6818166	0.3014971	0.0269540	0.4820018	0.3097331	0.5030117	0.0333812
600	0.0880492	0.6903315	0.9459427	0.6659389	0.3699435	0.0219028	0.4997238	0.2310608	0.5425879	0.0182204
650	0.0639120	0.9585932	1.0250679	0.7527654	0.4411029	0.0192258	0.5333840	0.1137037	0.6991581	0.0099388
700	0.0335552	1.0798782	0.9459712	0.7287435	0.4359322	0.0261939	0.6823634	0.0637190	0.8959707	0.0229469
750	0.0253427	1.0034329	0.9788282	0.8145823	0.4900042	0.0261425	0.7262568	0.0527319	0.9871748	0.0226029
800	0.0335519	0.9724240	1.0704382	0.9317832	0.4902713	0.0228966	0.7344774	0.0364796	1.0281164	0.0146864
850	0.0230898	0.9664507	1.0811482	0.9819238	0.4369818	0.0193812	0.8245703	0.0288513	0.9768222	0.0305308
900	0.0455239	0.9579946	1.0865051	1.0197183	0.4056882	0.0089922	0.7257423	0.0147642	0.8884393	0.0160776
950	0.0394627	0.9845781	1.0056707	0.8882844	0.3830001	0.0114869	0.7594489	0.0439540	0.8638669	0.0136410
1000	0.0176536	1.0524205	0.9932480	0.9481085	0.3489743	0.0086396	0.7859692	0.0435534	0.9151960	0.0236325

0	0.0207522	1.0491202	1.0367315	1.0173827	0.4207443	0.0146601	0.7468318	0.0151882	0.8677134	0.0135140
50	0.0192165	0.9299063	1.1321008	1.0149794	0.3776717	0.0092058	0.8428119	0.0223290	0.8447530	0.0161476
100	0.0122894	0.9210158	1.0522885	1.0520173	0.4214226	0.0121176	0.7496435	0.0284142	0.8184292	0.0062047
150	0.0053186	1.0076826	0.9628878	0.8885183	0.3604436	0.0288998	0.8223613	0.0405098	0.7429316	0.0230240
200	0.0111409	0.9224137	0.9409436	0.9114196	0.3918675	0.0167752	0.8097787	0.0253857	0.7559363	0.0185975
250	0.0145169	0.9406482	1.0333409	0.9287846	0.4080809	0.0097164	0.8942309	0.0128500	0.7684822	0.0226103
300	0.0082969	1.0190134	1.0256128	0.9373635	0.3787822	0.0027774	0.8439234	0.0226048	0.7236515	0.0231699
350	0.0188998	0.9939312	0.9707869	1.0876560	0.3168269	0.0086045	0.7946926	0.0160769	0.7965843	0.0127074
400	0.0211555	0.9971934	1.0224813	1.0371650	0.3360752	0.0133767	0.7598474	0.0218333	0.8000098	0.0134534
450	0.0152792	0.9635812	1.1124423	1.0514191	0.3585324	0.0113844	0.7994021	0.0111567	0.8036209	0.0143535
500	0.0230891	0.9872649	1.0114812	1.0123719	0.3767390	0.0092953	0.7139574	0.0068795	0.7505461	0.0117368
550	0.0199123	0.9750189	1.0976142	1.0716495	0.3886969	0.0201577	0.8153232	0.0181949	0.8920877	0.0190296
600	0.0280127	0.9830191	1.0040738	0.9366808	0.3017040	0.0097270	0.7726275	0.0222530	0.8556246	0.0101996
650	0.0197150	1.0457592	1.0305590	0.9208203	0.3698222	0.0169457	0.8411792	0.0113997	0.9115895	0.0208439
700	0.0266514	1.0258019	1.0716649	0.8880478	0.3601939	0.0123205	0.8332419	0.0219624	0.8563537	0.0225197
750	0.0215873	1.0435384	1.0191959	0.9755385	0.3679229	0.0089084	0.8408747	0.0314140	0.8944681	0.0122108
800	0.0240622	1.0268662	1.1238452	1.0154740	0.3948093	0.0063877	0.8914072	0.0430421	0.8647604	0.0060336
850	0.0293453	1.0355705	1.0648358	1.1053588	0.4580920	0.0040637	0.8974562	0.0484690	0.9367661	0.0237824
900	0.0210945	0.9917572	0.9585510	1.0442539	0.3986927	0.0040200	0.8236909	0.0426336	0.9384418	0.0156724
950	0.0204982	0.9717038	1.0125939	0.9059130	0.4169727	0.0068808	0.7497861	0.0434819	0.8766566	0.0105517
1000	0.0088083	1.0597519	0.9276442	0.9493419	0.4196268	0.0164727	0.8685905	0.0288181	0.8948441	0.0144571

0	0.0207522	1.0491202	1.0367315	1.0173827	0.4207443	0.0146601	0.7468318	0.0151882	0.8677134	0.0135140
50	0.0101329	1.0563992	0.9464529	1.0119915	0.3158468	0.0088372	0.7936611	0.2063554	0.8541004	0.0765856
100	0.0115370	0.9879525	1.0096897	0.8685435	0.2439587	0.0131129	0.8531877	0.2633502	0.9476537	0.1427579
150	0.0111086	0.9300211	0.9627054	1.1472452	0.1866389	0.0050586	0.8478737	0.4409213	1.0001927	0.1189923
200	0.0120158	0.9295041	0.9975324	1.0849242	0.1585070	0.0091637	0.7969245	0.4600462	0.9406097	0.1828499
250	0.0153897	1.0268613	1.0075030	0.9860408	0.1707221	0.0108210	0.8478145	0.5151897	0.9430212	0.1598178
300	0.0165323	1.0533637	0.9475555	0.9879292	0.1477649	0.0039956	0.8023264	0.5217376	0.8520344	0.1728526
350	0.0213093	1.0548967	0.9269908	0.9947252	0.1277033	0.0106497	0.6785862	0.4890262	0.8347660	0.1949476
400	0.0189041	1.1336617	0.9862883	0.9190160	0.1184031	0.0192076	0.7879534	0.4654839	0.9459650	0.1942434
450	0.0132722	1.1664143	0.9523090	0.9914640	0.1143698	0.0085835	0.7515184	0.4153812	1.0068403	0.2064013
500	0.0115807	0.9963643	0.9985754	1.0288339	0.1444392	0.0098142	0.7012176	0.4816793	0.8921291	0.2317955
550	0.0075147	0.9951669	0.9905138	0.9869321	0.2356374	0.0112251	0.7249510	0.2997067	0.8505503	0.1029999
600	0.0119376	1.0604433	1.0807329	0.9855480	0.2954657	0.0096402	0.7757552	0.1256396	0.7888555	0.0290054
650	0.0271758	1.0238861	1.1428545	1.0422765	0.3244485	0.0040414	0.8047980	0.0492132	0.8959309	0.0196048
700	0.0227223	1.0976130	1.0469065	0.9906211	0.3024164	0.0090082	0.7374641	0.0220385	0.9357886	0.0341880
750	0.0276515	1.0547463	1.0262709	0.9388190	0.3792849	0.0020186	0.7872542	0.0261227	0.9288413	0.0138166
800	0.0129896	1.0890259	1.0241717	1.0131820	0.4048684	0.0067550	0.7903040	0.0326570	0.9781545	0.0309611
850	0.0123526	1.0526655	0.9835717	1.0373858	0.4633183	0.0057643	0.7728539	0.0131404	0.9432183	0.0114870
900	0.0120633	0.9835659	1.0007386	1.0012222	0.4614583	0.0114290	0.7505603	0.0214338	0.9775761	0.0162987
950	0.0169984	0.9947507	0.9404381	1.0101364	0.4185058	0.0101556	0.7650578	0.0142005	1.0274716	0.0055196
1000	0.0222270	1.0174949	0.9222221	0.9240949	0.3518114	0.0058648	0.8369460	0.0116747	1.0056527	0.0150256

0	0.0207522	1.0491202	1.0367315	1.0173827	0.4207443	0.0146601	0.7468318	0.0151882	0.8677134	0.0135140
50	0.0038223	1.0622444	1.0238999	1.0168097	0.3089324	0.0055726	0.8918007	0.0110795	0.9967667	0.0132806
100	0.0074109	1.0819423	0.9848705	0.9867057	0.2097139	0.0069253	0.8051097	0.0079108	0.9011134	0.0088409
150	0.0043703	1.0605688	0.9268925	1.1083874	0.1748917	0.0058182	0.7375856	0.0050249	0.9430558	0.0081054
200	0.0027191	0.9651414	0.9236265	1.0808543	0.2088229	0.0062442	0.7381686	0.0017698	0.9407447	0.0014340
250	0.0000000	0.9394869	0.9511262	1.0460820	0.1836345	0.0081673	0.8292805	0.0006324	0.9129616	0.0072719
300	0.0006746	0.8823505	0.9653161	1.0279006	0.1747767	0.0145884	0.7821823	0.0062280	0.8701317	0.0163133
350	0.0011877	0.9488958	1.0717622	0.9163441	0.1114644	0.0161544	0.7636385	0.0039901	0.8340746	0.0177559
400	0.0012366	1.0788265	1.1398920	1.0717881	0.1343997	0.0154248	0.6842988	0.0050569	0.8918705	0.0210143
450	0.0003018	1.1130311	0.9864352	0.9885410	0.1282123	0.0085446	0.7847030	0.0029804	0.8256015	0.0304550
500	0.0001472	1.0831090	0.9242955	0.9810596	0.1375132	0.0046092	0.8776248	0.0042728	0.8913531	0.0289134
550	0.0051959	1.0586855	0.9755097	0.9811125	0.2282124	0.0042381	0.8332107	0.0017503	0.8621310	0.0146714
600	0.0079845	0.9722084	1.0015075	0.9191373	0.3466831	0.0117265	0.7795646	0.0060756	0.8421163	0.0097610
650	0.0181984	0.9540864	0.9955932	0.8790471	0.2938876	0.0086989	0.8023614	0.0044374	0.8783914	0.0275318
700	0.0156354	0.9785311	0.9173676	0.8995699	0.3552185	0.0033371	0.7820059	0.0240033	0.8758633	0.0190918
750	0.0062871	1.0709472	0.9661893	0.9420846	0.3921403	0.0205397	0.8394366	0.0341359	0.9906466	0.0116417
800	0.0123151	1.0524870	0.9142811	1.0319400	0.4663771	0.0136687	0.7964435	0.0181527	0.9723363	0.0172525
850	0.0116157	1.0399589	1.0565031	1.0092998	0.4785523	0.0036363	0.8022295	0.0269719	0.9481536	0.0368003
900	0.0183794	0.9509263	1.0936770	0.9306208	0.3849168	0.0019477	0.8528431	0.0229037	0.9898174	0.0312214
950	0.0189416	0.9790163	1.0889555	0.9493944	0.4005370	0.0067015	0.8931257	0.0165651	0.9162984	0.0357487
1000	0.0122656	0.9431524	1.0475241	0.8417937	0.4000688	0.0029177	0.7261333	0.0174213	0.9465633	0.0270260

0	0.0207522	1.0491202	1.0367315	1.0173827	0.4207443	0.0146601	0.7468318	0.0151882	0.8677134	0.0135140
50	0.0173815	1.0488506	0.9981457	1.0129801	0.3327009	0.2240266	0.7657289	0.1386932	0.9856543	0.0305204
100	0.0078616	0.9842065	0.9542799	1.0223283	0.3820560	0.5231135	0.7962606	0.2830797	0.9358953	0.0283192
150	0.0032667	0.9925817	1.0184411	0.9774373	0.4140018	0.7994130	0.7095447	0.3390666	0.9621807	0.0202719
200	0.0019555	1.0309898	1.0136813	0.9483231	0.4449693	0.8297695	0.7497248	0.3509051	1.0292980	0.0157444
250	0.0000260	0.9368998	1.0632914	0.9867023	0.4548151	0.9100742	0.8196235	0.3387249	0.9627543	0.0094456
300	0.0005888	1.0248955	1.0191777	1.0013928	0.3621600	0.8849087	0.7608773	0.4146578	1.0054233	0.0207156
350	0.0005568	0.9787362	1.0605823	1.0260847	0.3472866	0.8036289	0.6714050	0.4538863	0.9572945	0.0129869
400	0.0008988	0.9654089	1.1423429	0.9741446	0.3023581	0.8367607	0.7889846	0.4045423	0.9523463	0.0189657
450	0.0000880	0.9709033	1.0987481	1.0239002	0.3314932	0.8498059	0.8118237	0.3908777	0.9346676	0.0345529
500	0.0013447	1.0153843	1.0305421	0.9390344	0.3453500	0.8931961	0.7803787	0.3816803	0.9453777	0.0290182
550	0.0170817	1.0689682	1.1514032	0.9136368	0.3696749	0.7251440	0.8880072	0.2050229	0.8053357	0.0355782
600	0.0106129	1.0249380	1.1576932	1.0033788	0.3606489	0.3907198	0.8120671	0.1198946	0.9045382	0.0124886
650	0.0133986	1.0759614	1.2069054	1.0145142	0.4210343	0.1972358	0.9289156	0.0429080	1.0187999	0.0157776
700	0.0109533	1.0630419	1.1266546	1.0420669	0.3666351	0.0951230	0.8374602	0.0268599	1.0241580	0.0255714
750	0.0075045	1.0223740	1.0605488	1.0678236	0.3329345	0.0477983	0.8043753	0.0135329	1.0185726	0.0109876
800	0.0065636	0.9578223	0.9614217	1.0551173	0.3258543	0.0209399	0.9058038	0.0099648	0.8091592	0.0078666
850	0.0018224	1.0136888	1.0296993	1.0131362	0.3419623	0.0111237	0.7672160	0.0072242	0.8380817	0.0083758
900	0.0280426	0.9214394	1.0226990	1.0032584	0.4215837	0.0070842	0.8339850	0.0132606	0.9432295	0.0178534
950	0.0195348	0.9377829	1.0548465	0.9711517	0.4024048	0.0049308	0.8272552	0.0246163	0.9731175	0.0110349
1000	0.0145461	1.0486578	1.0002769	0.9958973	0.3970803	0.0032846	0.7886935	0.0228892	0.9608022	0.0171171

0	0.0207522	1.0491202	1.0367315	1.0173827	0.4207443	0.0146601	0.7468318	0.0151882	0.8677134	0.0135140
50	0.0099594	1.0315055	1.1085847	0.9736806	0.3878821	0.0258341	0.7302006	0.0229880	0.9009096	0.0197117
100	0.0132560	1.0343636	1.0996142	0.8721491	0.3280038	0.0251099	0.7216568	0.0173019	0.9547804	0.0153456
150	0.0100257	0.9792983	0.9828277	1.0319223	0.3344774	0.0116816	0.7333202	0.0266951	0.8925482	0.0240898
200	0.0153957	0.9618984	1.0050336	0.9583370	0.3483013	0.0111830	0.7427321	0.0244400	0.8790259	0.0246725
250	0.0386875	1.0373333	1.0076120	1.0651469	0.3182435	0.0124213	0.7131373	0.0261946	0.8234634	0.0180923
300	0.0219677	1.0432145	0.9125012	0.9639936	0.3242749	0.0091079	0.7860984	0.0373131	0.9307646	0.0275177
350	0.0102951	1.0949209	0.9199527	0.9841446	0.4214420	0.0146947	0.8191939	0.0247732	0.8768033	0.0176101
400	0.0092524	1.0049317	0.9685254	1.0791422	0.3722471	0.0121960	0.8026883	0.0194981	0.9546953	0.0145250
450	0.0007634	0.9715277	0.9873731	1.0663469	0.2960208	0.0136587	0.7567153	0.0285841	0.8460461	0.0204951
500	0.0041500	0.9791362	0.9986321	1.0820495	0.2755576	0.0024446	0.8167720	0.0294899	0.8754108	0.0087954
550	0.0070166	0.9606128	0.9585376	0.9798370	0.3449733	0.0037690	0.7844899	0.0151681	0.8998909	0.0341431
600	0.0158325	1.0281679	1.0284944	0.9010962	0.3807043	0.0110629	0.6994109	0.0095077	0.9449765	0.0270198
650	0.0173917	1.1119379	0.9495882	0.9995690	0.3847847	0.0050409	0.6648081	0.0175262	0.9206716	0.0132438
700	0.0090191	1.0487663	1.0106244	0.9833400	0.3846721	0.0033046	0.7295297	0.0201914	0.9192818	0.0128602
750	0.0148451	0.9662669	1.0430640	0.9493098	0.4644155	0.0090669	0.8541784	0.0098578	0.9044949	0.0087443
800	0.0172428	1.0814859	1.0754592	0.9948227	0.4575380	0.0105478	0.8004651	0.0169684	0.7829621	0.0264580
850	0.0255142	1.1052517	1.0375591	1.0055764	0.4502258	0.0147294	0.8625173	0.0276293	0.9988104	0.0312695
900	0.0211044	1.0536561	0.9606103	0.9419771	0.3641375	0.0169999	0.8250890	0.0527533	0.9302871	0.0204060
950	0.0203627	1.0366938	1.0088779	0.9825357	0.3734255	0.0081967	0.8282252	0.0418626	0.9719812	0.0124863
1000	0.0244455	1.0356499	0.9815983	0.9157625	0.3437716	0.0149005	0.8140757	0.0190267	0.9839639	0.0157279

0	0.0207522	1.0491202	1.0367315	1.0173827	0.4207443	0.0146601	0.7468318	0.0151882	0.8677134	0.0135140
50	0.0215324	1.0053272	1.0679484	1.0903567	0.3397922	0.1976321	0.8776794	0.0547644	0.8435796	0.0121041
100	0.0139414	1.1044323	1.0203043	0.9671600	0.2535636	0.4799529	0.8263043	0.0962285	0.8505797	0.0156376
150	0.0261879	1.0533335	1.0096623	1.0393721	0.2205173	0.6065949	0.8870070	0.1334447	0.7499966	0.0156765
200	0.0260744	0.9690819	0.8489049	1.0554328	0.1992504	0.6629099	0.9250898	0.0745047	0.7446515	0.0276917
250	0.0188122	1.0033932	0.8537405	0.9200496	0.2034735	0.7070097	0.8926702	0.0982952	0.7659378	0.0222516
300	0.0121935	0.9911776	0.9143185	0.9848928	0.2006599	0.7028930	0.9223982	0.1207057	0.7606780	0.0147365
350	0.0163223	0.9675999	0.9935511	1.0717831	0.2146172	0.7025747	0.8606564	0.1215472	0.8038190	0.0150091
400	0.0047176	1.0070928	1.0083597	1.0339668	0.2213208	0.7315399	0.8521009	0.1083151	0.7497277	0.0278429
450	0.0169489	1.0799098	0.9875844	1.0668825	0.2432060	0.7845530	0.9011596	0.0978740	0.7570841	0.0234014
500	0.0134808	1.0095446	0.9584682	1.0206079	0.2011880	0.6922189	0.8670340	0.1114138	0.7722423	0.0208034
550	0.0144495	0.9784170	1.1061342	0.9895464	0.2486871	0.4511821	0.8500789	0.0866970	0.7525153	0.0240876
600	0.0142961	1.0648944	1.1086554	0.9766896	0.2753584	0.3051932	0.8251176	0.0653960	0.8174778	0.0241937
650	0.0145614	1.1325566	1.1076603	1.0171982	0.3105832	0.1626295	0.8007165	0.0375283	0.8784659	0.0347488
700	0.0194186	1.2311475	1.0624273	1.0507032	0.2965690	0.0927339	0.7978497	0.0274033	0.8723589	0.0285195
750	0.0204500	1.2076263	0.9528913	1.0019515	0.3428492	0.0522923	0.7732505	0.0197129	0.8882802	0.0326284
800	0.0119580	1.0889012	0.9860660	1.0310628	0.3501678	0.0110278	0.7618592	0.0217887	0.9058727	0.0243434
850	0.0289799	1.0526453	0.9206191	0.9378578	0.3542473	0.0048839	0.7935304	0.0144172	0.9103372	0.0215133
900	0.0308696	1.0621259	0.9381821	1.0647535	0.3194562	0.0109481	0.7290524	0.0163930	0.9592077	0.0206736
950	0.0177763	1.0254990	0.9771232	1.1269214	0.3217004	0.0198004	0.8096491	0.0205011	0.9692940	0.0329275
1000	0.0305561	0.8797519	0.9760266	1.0063403	0.4036828	0.0201111	0.7321218	0.0201239	0.9257563	0.0351464

0	0.0207522	1.0491202	1.0367315	1.0173827	0.4207443	0.0146601	0.7468318	0.0151882	0.8677134	0.0135140
50	0.0241013	0.7650641	0.9526545	1.0412785	0.3510659	0.0176417	0.7821399	0.0419963	0.9855041	0.0084261
100	0.0085923	0.5808500	0.9870394	1.0942433	0.3528062	0.0098129	0.8225195	0.0685481	0.9171714	0.0250003
150	0.0124880	0.5598197	0.9852780	1.0068317	0.3449093	0.0130712	0.6603391	0.0645909	0.8414363	0.0156987
200	0.0082634	0.5636120	1.0097524	1.0838473	0.3588828	0.0089580	0.5602130	0.0777187	0.8233332	0.0232445
250	0.0127771	0.5132249	0.9189074	1.0222763	0.3490534	0.0168374	0.5832900	0.0584262	0.7998107	0.0195127
300	0.0149183	0.4849970	0.8780625	0.9601543	0.3231846	0.0084036	0.5181325	0.0771844	0.7495947	0.0171017
350	0.0073900	0.3823835	1.0001804	0.9919204	0.3496076	0.0113212	0.4619058	0.0875089	0.7907688	0.0312124
400	0.0027753	0.4505009	1.0706931	1.0280388	0.3057626	0.0089603	0.4882009	0.0471168	0.8423089	0.0309064
450	0.0127435	0.4787752	1.0079753	0.9350494	0.4020098	0.0056167	0.5809047	0.0581311	0.8424617	0.0241627
500	0.0071883	0.4387755	0.9346158	0.9621100	0.4376315	0.0056254	0.5090058	0.0521762	0.7541608	0.0272842
550	0.0181351	0.5820666	0.9795246	1.0501202	0.3994901	0.0083814	0.5848416	0.0434664	0.8046147	0.0222011
600	0.0143092	0.8106997	1.0360427	1.0334352	0.4302830	0.0138945	0.4655227	0.0253622	0.8495606	0.0180844
650	0.0096603	0.9257336	0.9910549	1.0020772	0.3118372	0.0129510	0.6161743	0.0157055	0.8916622	0.0146006
700	0.0068813	0.8881999	0.9621641	0.9926024	0.3575825	0.0142697	0.7117173	0.0152644	0.9566110	0.0195747
750	0.0169685	0.9178628	1.0282742	0.9863348	0.4102916	0.0131256	0.6975465	0.0192662	0.9537634	0.0093941
800	0.0156286	0.9461516	1.0948545	1.0004052	0.3381610	0.0059925	0.7696990	0.0159851	0.8538075	0.0264892
850	0.0288941	0.9509815	1.0150098	1.0779729	0.4029670	0.0031352	0.8028358	0.0193628	0.9418370	0.0288355
900	0.0205058	1.0406648	0.9859510	1.0479162	0.4243434	0.0044882	0.8476589	0.0196938	0.8772483	0.0179415
950	0.0159799	0.8834884	0.9900838	1.0260431	0.4057700	0.0026882	0.7137300	0.0120929	0.8612151	0.0223673
1000	0.0310282	0.9247627	1.0565040	1.0180288	0.4152327	0.0077425	0.7521889	0.0149059	0.8717659	0.0255035

0	0.0207522	1.0491202	1.0367315	1.0173827	0.4207443	0.0146601	0.7468318	0.0151882	0.8677134	0.0135140
50	0.0167389	0.7838143	1.0039338	1.0116163	0.3445158	0.0172730	0.9365172	0.2135631	0.8920092	0.0067943
100	0.0113601	0.6003049	0.9240810	0.9927325	0.2185684	0.0188887	0.9485769	0.4284890	0.9165340	0.0117761
150	0.0210312	0.4662188	0.9367269	0.9539440	0.1671140	0.0193563	0.8937216	0.5356285	0.8686286	0.0221889
200	0.0099232	0.4674650	0.9953739	0.9465077	0.1317623	0.0118167	0.9432117	0.5090928	0.9716771	0.0126737
250	0.0170297	0.4398547	0.9927023	1.0162602	0.1272859	0.0094470	1.0168889	0.4658009	0.9256356	0.0172573
300	0.0158919	0.4372176	0.9930728	0.9801204	0.1297960	0.0190606	0.8626506	0.5459561	0.9060806	0.0188956
350	0.0178442	0.4279447	1.0077813	0.9563518	0.1308382	0.0205686	0.9791524	0.4222332	0.8649709	0.0208628
400	0.0134417	0.4025815	1.0091271	0.9273505	0.1555150	0.0247052	1.0177945	0.4802152	0.8936357	0.0192422
450	0.0192095	0.3836749	1.0397058	0.9868925	0.1164792	0.0202204	0.9106866	0.4552440	0.9143796	0.0052056
500	0.0195426	0.3915684	1.0029705	1.0182098	0.1218093	0.0198013	0.9201845	0.4709082	0.9814066	0.0167032
550	0.0347544	0.6163517	0.8943463	1.0242770	0.1715924	0.0151419	0.8840178	0.3010468	0.9869802	0.0142670
600	0.0274395	0.8862977	0.9822093	1.0244976	0.2790898	0.0098421	0.7261618	0.1386267	0.8615901	0.0281726
650	0.0196586	0.9252037	1.0838312	1.1806844	0.2682524	0.0050544	0.6739223	0.0947202	0.8322732	0.0233599
700	0.0078720	1.0623039	0.9332409	1.0680907	0.3552588	0.0098760	0.7542675	0.0743851	0.9080442	0.0311218
750	0.0187890	1.0127609	0.9075400	1.0147895	0.3455623	0.0214290	0.8342901	0.0364062	0.8731319	0.0205806
800	0.0112911	1.0097518	1.0237752	1.0481649	0.3305244	0.0108633	0.7982206	0.0162106	0.8986460	0.0326105
850	0.0082541	0.8437876	1.0187241	0.8491509	0.3025947	0.0064385	0.7241559	0.0231602	0.8500897	0.0077429
900	0.0189074	0.8864145	0.9640567	0.9796094	0.3643211	0.0077708	0.7121243	0.0136615	0.8483916	0.0265089
950	0.0131763	1.0613311	0.9992421	1.0116446	0.4088060	0.0097430	0.7276359	0.0158143	0.8720806	0.0398543
1000	0.0078122	1.0002569	1.0423097	0.9033606	0.3652982	0.0061703	0.7748234	0.0118432	0.9160515	0.0239756
