"Time"	gadX	torR	hdeA	hdeB	yhiD

0	0.1822917	0.7039451	0.5319897	0.6646597	0.3519425
50	0.2307418	0.2079469	0.5294167	0.6196963	0.3311111
100	0.2498481	0.2693682	0.3475986	0.5635336	0.4326499
150	0.3026877	0.1781635	0.3228313	0.6652665	0.2825420
200	0.3334217	0.2651487	0.3384304	0.6022025	0.3258553
250	0.2610384	0.2276001	0.3568056	0.5511517	0.3171980
300	0.3228451	0.1791524	0.4432168	0.6204939	0.2590754
350	0.2839079	0.2024999	0.3971648	0.5811656	0.1782398
400	0.3447255	0.2317681	0.3358107	0.6501935	0.2291609
450	0.3394851	0.2058636	0.3130605	0.6589364	0.2397817
500	0.3006541	0.2665358	0.2650078	0.5115557	0.2275925
550	0.3359167	0.5954292	0.4144371	0.7553509	0.3332281
600	0.1836352	0.6751968	0.4623396	0.6011272	0.3357834
650	0.2461231	0.6798373	0.5156411	0.8073308	0.3427391
700	0.1674417	0.7317643	0.4455235	0.5931643	0.3006243
750	0.2134365	0.7363812	0.4286482	0.6580848	0.5073289
800	0.2077914	0.6172918	0.5161529	0.6506045	0.3453166
850	0.1543372	0.6481531	0.4725114	0.6100727	0.4593636
900	0.1985900	0.7302128	0.5388847	0.6629353	0.3510445
950	0.1470525	0.6090328	0.5767945	0.6811200	0.3717595
1000	0.1157594	0.6696951	0.6461571	0.5963794	0.3987954

0	0.2564065	0.6153046	0.5513863	0.6396698	0.3836477
50	0.0601423	0.6762748	0.5781740	0.6399967	0.3850480
100	0.0929401	0.8299505	0.6345139	0.6317661	0.3615830
150	0.0378184	0.7101087	0.6428960	0.6314914	0.4154379
200	0.0718629	0.5754992	0.5392632	0.5301929	0.4129050
250	0.0786136	0.5672310	0.3698615	0.6107199	0.3755758
300	0.0883847	0.8629743	0.5691341	0.6603308	0.4032057
350	0.0627588	0.6754753	0.6626347	0.5771596	0.3278131
400	0.0762670	0.6389765	0.4745848	0.6128910	0.3682853
450	0.0559846	0.6934712	0.6231656	0.5198795	0.3915459
500	0.1180562	0.6474687	0.5353219	0.5328851	0.4081189
550	0.1294784	0.6540994	0.5464490	0.5630276	0.2833550
600	0.1987187	0.7183106	0.5645406	0.6512420	0.4155795
650	0.2226441	0.6482611	0.5740703	0.5654799	0.3619611
700	0.2015855	0.6733936	0.5180555	0.6016366	0.4016353
750	0.1539110	0.6185763	0.5467876	0.6509966	0.3713951
800	0.1662450	0.6228654	0.5346456	0.6794787	0.3741047
850	0.1606032	0.8488313	0.5203827	0.5757160	0.4141907
900	0.1825846	0.7371118	0.5592157	0.6387540	0.4322396
950	0.1967070	0.6652511	0.6129936	0.6047621	0.3446514
1000	0.1848787	0.7746168	0.4829906	0.7956207	0.3947692

0	0.1646405	0.6630381	0.6665957	0.6015087	0.3437859
50	0.2095243	0.6695756	0.4381004	0.8495496	0.3843396
100	0.1857890	0.6607644	0.4229947	0.8581275	0.3220555
150	0.1759129	0.6450273	0.4895115	0.6485624	0.3408299
200	0.1740263	0.6902510	0.5201072	0.6900502	0.3662514
250	0.1756320	0.5823762	0.4531299	0.7652125	0.3442006
300	0.1511407	0.6243317	0.4541453	0.6697965	0.3610031
350	0.2111847	0.7111506	0.5744167	0.6873825	0.3555640
400	0.1603815	0.6666587	0.4554438	0.7157819	0.4035208
450	0.1349436	0.6012054	0.4404949	0.6063395	0.4453568
500	0.1618520	0.7316685	0.4085555	0.5242491	0.3842763
550	0.1927151	0.7140433	0.4617850	0.4303024	0.3851033
600	0.2025232	0.6903366	0.4784367	0.6974713	0.3550073
650	0.1618778	0.8500949	0.6754507	0.6187558	0.3517017
700	0.1329631	0.6470566	0.5660740	0.6319696	0.3912638
750	0.1785127	0.7736156	0.4604464	0.7085059	0.4105796
800	0.1053715	0.6077157	0.4807418	0.7391663	0.3613183
850	0.1647542	0.6192720	0.4666930	0.5955491	0.3768172
900	0.1294861	0.6070732	0.5577973	0.6277347	0.3257028
950	0.1207740	0.7413997	0.5179510	0.5627944	0.3497334
1000	0.1759446	0.7042621	0.4632971	0.6746311	0.3775799

0	0.1388840	0.5531311	0.6464702	0.6507968	0.3695973
50	0.1379287	0.3550542	0.4748674	0.5433265	0.3057198
100	0.2317594	0.3880733	0.3462340	0.6153585	0.3256278
150	0.1860772	0.3405002	0.4670190	0.5156700	0.3229120
200	0.2371835	0.4193289	0.5108666	0.5858730	0.3175500
250	0.1902952	0.2993688	0.5395557	0.6190958	0.3001196
300	0.2703979	0.3804623	0.3314300	0.5724036	0.3027121
350	0.2749659	0.4147513	0.4655557	0.6176018	0.4473336
400	0.2348358	0.4588659	0.4778361	0.5413659	0.3680019
450	0.2972165	0.4170682	0.4030925	0.5402859	0.3130812
500	0.2096677	0.4018096	0.5243973	0.6175573	0.4282843
550	0.2061898	0.6520006	0.4429235	0.5789080	0.3271457
600	0.2333729	0.5937837	0.4981911	0.7274993	0.3780454
650	0.2154164	0.6701873	0.5065755	0.6305970	0.3440832
700	0.1217220	0.7383862	0.5792224	0.5097239	0.3075275
750	0.1458567	0.6375434	0.4669736	0.5938592	0.3578683
800	0.1484368	0.6164218	0.4293187	0.7432160	0.3588436
850	0.1470842	0.6198182	0.5522944	0.6045182	0.3273787
900	0.1812589	0.6949692	0.5320625	0.6514454	0.3572347
950	0.1623043	0.7010074	0.5255679	0.5708018	0.3773746
1000	0.1862318	0.5866666	0.4723222	0.6441417	0.3197409

0	0.1431388	0.7179791	0.5453560	0.6403550	0.3786677
50	0.2148383	0.2424359	0.4137280	0.6266515	0.6449516
100	0.2561023	0.2266099	0.4155418	0.6023565	0.7181998
150	0.3321182	0.1291516	0.3739963	0.6436189	0.6023786
200	0.3790641	0.1850511	0.3590545	0.6690529	0.5468296
250	0.3952554	0.1164408	0.3664036	0.5981616	0.5698632
300	0.3216742	0.1444385	0.2672753	0.5750073	0.5095393
350	0.3939646	0.1833373	0.2903440	0.4130833	0.5358018
400	0.4245664	0.1288756	0.2500465	0.5073567	0.5427403
450	0.5113904	0.2605747	0.2519297	0.4316915	0.5007377
500	0.3926584	0.1470494	0.3779877	0.4505551	0.4769403
550	0.2965144	0.6035573	0.3615672	0.5181342	0.4075712
600	0.2612458	0.6144896	0.5827111	0.5593830	0.3823003
650	0.2545653	0.6320268	0.4910753	0.5549063	0.4106911
700	0.1881808	0.6977865	0.5911053	0.6401696	0.2974358
750	0.1819528	0.6547898	0.5602707	0.6711326	0.4283259
800	0.1773492	0.7377624	0.5315255	0.5760408	0.3804230
850	0.1294701	0.7594727	0.5079514	0.5888694	0.4084896
900	0.1443893	0.6081701	0.4936645	0.6684018	0.3549766
950	0.1661172	0.7405166	0.6284668	0.6227131	0.3662184
1000	0.1942773	0.6334984	0.5107822	0.6966262	0.3217090

0	0.2213290	0.5756812	0.5440668	0.6736183	0.4200919
50	0.1641211	0.5803560	0.5136806	0.7468210	0.4147264
100	0.1603384	0.6863987	0.5341206	0.8498925	0.6140126
150	0.0740205	0.7770507	0.4924872	0.8131714	0.5860664
200	0.1338246	0.7469267	0.4877977	0.7438637	0.5796014
250	0.1270727	0.6413153	0.4631868	0.7336460	0.5929535
300	0.1628377	0.6629707	0.5690277	0.6669505	0.4871118
350	0.1337057	0.6285989	0.5408897	0.7893858	0.5678607
400	0.1732131	0.6745316	0.4649748	0.7568817	0.4963832
450	0.1019246	0.6681995	0.4750558	0.6863456	0.4879892
500	0.1127874	0.7082381	0.4860774	0.6683344	0.5766992
550	0.1679525	0.6611299	0.6180349	0.5514050	0.4973938
600	0.1733032	0.7474700	0.5097284	0.7222680	0.3696540
650	0.2071902	0.7423106	0.5416174	0.5483135	0.2872740
700	0.2155341	0.7586906	0.5543793	0.6736645	0.3686265
750	0.1780926	0.6152400	0.4371970	0.7098315	0.3600117
800	0.1884113	0.5254754	0.4872824	0.6364139	0.5059440
850	0.1265725	0.8041281	0.5400595	0.6381319	0.4300045
900	0.1948941	0.6515310	0.4367078	0.7120143	0.3156273
950	0.1911114	0.7564875	0.5190026	0.7166520	0.4254025
1000	0.1566231	0.7444229	0.4778443	0.7571342	0.3788549

0	0.2030879	0.6209069	0.5275417	0.6523849	0.3931068
50	0.1673792	0.7374517	0.5974688	0.5555824	0.3364576
100	0.1689211	0.6382498	0.6270226	0.6291995	0.3440198
150	0.1668466	0.5980005	0.5851565	0.6882904	0.3965801
200	0.1435554	0.6889341	0.5625279	0.6132046	0.3163960
250	0.1730274	0.6457147	0.6458389	0.6059006	0.4178538
300	0.1332147	0.7374999	0.6250182	0.6716860	0.3557187
350	0.1638867	0.6278917	0.5405305	0.6344050	0.4120133
400	0.1255341	0.8159744	0.5078601	0.7316439	0.4411282
450	0.1826170	0.7918047	0.4607909	0.6168710	0.4544235
500	0.1109614	0.7501697	0.4739807	0.6673939	0.4411111
550	0.1927615	0.7022199	0.4992183	0.4541542	0.3784504
600	0.1758343	0.7191737	0.4174190	0.6162660	0.3210678
650	0.1198460	0.6097571	0.5912429	0.6295993	0.3558721
700	0.1224259	0.7076238	0.5734789	0.5954388	0.2652076
750	0.1539023	0.7268750	0.6057126	0.6683975	0.3594683
800	0.1354740	0.6097319	0.5766718	0.6015551	0.3493446
850	0.1788268	0.7223309	0.4941818	0.6039448	0.4195788
900	0.1258604	0.7183064	0.5132304	0.5546728	0.4483717
950	0.1686650	0.6556837	0.6118307	0.5682678	0.3626843
1000	0.1347623	0.7855858	0.5075691	0.6241454	0.3569145

0	0.2135096	0.6989332	0.4772464	0.6572493	0.4332781
50	0.1701177	0.1667561	0.5056182	0.5423501	0.4560672
100	0.2627252	0.0627867	0.4289845	0.7115594	0.2544988
150	0.2785698	0.0762531	0.2409088	0.4905721	0.1699448
200	0.4286597	0.0794475	0.2416875	0.3091123	0.1449346
250	0.4637155	0.0710443	0.2656244	0.3604748	0.1856365
300	0.4404319	0.0426397	0.2366823	0.3231949	0.2012233
350	0.5117189	0.0470670	0.2128207	0.3486818	0.1720358
400	0.5550861	0.0575619	0.2365227	0.3143153	0.2055540
450	0.5360397	0.0421857	0.2365912	0.2378027	0.1736731
500	0.5494759	0.0755440	0.2248562	0.3415685	0.1856827
550	0.4497976	0.5757036	0.2944160	0.5498025	0.2546197
600	0.2593974	0.6753743	0.4267600	0.5680380	0.3750273
650	0.1812907	0.6471221	0.5172738	0.5736570	0.4929255
700	0.1949151	0.7224432	0.4891149	0.5499614	0.3761866
750	0.1619954	0.5923517	0.6135635	0.6227496	0.3715765
800	0.2319175	0.7421547	0.4577583	0.6021472	0.3587995
850	0.1989582	0.5985857	0.5148848	0.6438073	0.3591360
900	0.1909582	0.6599047	0.4527008	0.6053375	0.3221395
950	0.1092575	0.6578697	0.5356342	0.6709645	0.4388896
1000	0.1917166	0.7262638	0.5324645	0.6445781	0.3378236

0	0.2178926	0.5895300	0.4592183	0.6202418	0.3940383
50	0.1406936	0.6848351	0.4750728	0.7789371	0.4438930
100	0.1783246	0.6050598	0.8286514	0.7754759	0.6589859
150	0.1396571	0.6399692	0.6508053	0.6625475	0.6827141
200	0.1915328	0.7553916	0.7333412	0.8182368	0.5693791
250	0.1906861	0.7367024	0.5799522	0.7146896	0.7584667
300	0.1956287	0.7552734	0.6794761	0.8738992	0.5795970
350	0.1624751	0.8392373	0.6866111	0.7368209	0.6312735
400	0.1951656	0.6994362	0.8205914	0.6231966	0.6206127
450	0.1513766	0.6877455	0.7553777	0.6136773	0.6423082
500	0.1600044	0.7559470	0.5671360	0.6027637	0.6220192
550	0.1174191	0.7269606	0.5133673	0.6794405	0.5152320
600	0.1545856	0.7179460	0.5339420	0.5967758	0.3677870
650	0.1433100	0.6256841	0.4663825	0.5167338	0.4735203
700	0.1206729	0.6704109	0.5684968	0.6597866	0.3048171
750	0.1933322	0.5980791	0.4746234	0.5581115	0.3400522
800	0.2161963	0.6657099	0.4884490	0.6233558	0.4299516
850	0.1489242	0.7059830	0.4239561	0.6400683	0.4542129
900	0.1106458	0.5855092	0.5187406	0.6249152	0.3542840
950	0.1762476	0.7905898	0.5304540	0.6619016	0.3470013
1000	0.1947801	0.7047228	0.5980993	0.5588077	0.3707975

0	0.2207607	0.6950775	0.5743235	0.5061912	0.3461566
50	0.1310523	0.8016376	0.5269740	0.5942780	0.4090519
100	0.1774343	0.6690320	0.5357251	0.8156337	0.3531053
150	0.1998659	0.6271476	0.5592257	0.8681823	0.3455232
200	0.2375306	0.5330946	0.4640191	0.6701664	0.3366675
250	0.1557765	0.6880407	0.5050130	0.6277962	0.4407722
300	0.1596327	0.5990268	0.4640047	0.6658410	0.4399368
350	0.2091828	0.5541789	0.4616772	0.6653723	0.3631491
400	0.2058735	0.6309252	0.5094782	0.7172819	0.3550989
450	0.2084593	0.6749026	0.5144085	0.6602013	0.4324118
500	0.2144460	0.7795175	0.4745307	0.6777829	0.3265977
550	0.1905945	0.6414861	0.5105377	0.6740250	0.3225848
600	0.1034484	0.6350601	0.3849609	0.7264672	0.3520497
650	0.1224806	0.6441715	0.4661566	0.7033366	0.4005531
700	0.1574821	0.7357599	0.4418710	0.7264060	0.3575370
750	0.1308716	0.6668603	0.4804452	0.7378229	0.3825879
800	0.2228226	0.6288383	0.4448840	0.5969131	0.3949812
850	0.1896978	0.7366622	0.5622590	0.7322821	0.4376082
900	0.1329023	0.7892012	0.5785461	0.5795168	0.3842816
950	0.1367091	0.6641034	0.5598836	0.6043096	0.3249772
1000	0.1161993	0.6567770	0.4849021	0.5200010	0.3736121

0	0.1775318	0.6099127	0.5845067	0.5964367	0.3962549
50	0.1494309	0.6619754	0.4724108	0.6976546	0.3227877
100	0.1620717	0.6171250	0.4980634	0.6388112	0.4004966
150	0.1341734	0.5636091	0.5210018	0.5971849	0.3858198
200	0.1814706	0.5793192	0.5704068	0.7194209	0.3784828
250	0.1453459	0.6184713	0.4935866	0.6607971	0.3388296
300	0.1495441	0.7254986	0.4742041	0.5395143	0.3593714
350	0.2525462	0.7920976	0.4842047	0.6960986	0.3549796
400	0.1791826	0.5576287	0.4761982	0.6395872	0.3491758
450	0.2499540	0.6860683	0.4949245	0.6647378	0.2959318
500	0.2658256	0.6814852	0.5230422	0.5895327	0.3576044
550	0.1402120	0.6527313	0.5557520	0.4961368	0.3607261
600	0.1641383	0.6473307	0.5837339	0.6717663	0.3003352
650	0.1475188	0.6996791	0.5062490	0.6280605	0.3787604
700	0.1625232	0.7851019	0.5017856	0.5830793	0.4217157
750	0.2449327	0.7158499	0.4814657	0.6825653	0.4585237
800	0.2057276	0.6792841	0.5330017	0.6240756	0.3034175
850	0.1716034	0.6283818	0.5250600	0.6488014	0.3722047
900	0.1230680	0.6589918	0.5509497	0.5070350	0.3725355
950	0.2791295	0.6270102	0.4870082	0.6616670	0.3825834
1000	0.1896808	0.5911115	0.5379322	0.5492881	0.3513033

0	0.1754535	0.7456022	0.4982462	0.5261981	0.3499585
50	0.1467112	0.6178280	0.4052648	0.6620410	0.4053759
100	0.0839855	0.6983654	0.4684634	0.6669169	0.3063287
150	0.0955426	0.7387198	0.4618530	0.5029474	0.3686732
200	0.1818806	0.6454530	0.5205512	0.6235297	0.4168819
250	0.1374200	0.5721221	0.6398553	0.5738526	0.3760190
300	0.1227766	0.6440654	0.5409373	0.6353824	0.3347569
350	0.1042783	0.6054842	0.4821589	0.7419457	0.3369828
400	0.0785821	0.6700606	0.5044168	0.5412994	0.4334239
450	0.1577567	0.7672273	0.4654266	0.6400155	0.4414558
500	0.2152087	0.6421461	0.5969897	0.7160992	0.3289543
550	0.1656091	0.6184364	0.6504019	0.5723894	0.4295756
600	0.1796529	0.7865487	0.6785238	0.6308824	0.4849678
650	0.1738688	0.7594446	0.4384817	0.6711396	0.5307477
700	0.1066987	0.6912852	0.4801578	0.6517960	0.4613425
750	0.2009329	0.6242129	0.3975190	0.6600231	0.3489183
800	0.1744298	0.7979349	0.7040862	0.6225830	0.4162240
850	0.1207489	0.7381817	0.6265428	0.6100353	0.3638341
900	0.1468371	0.7034473	0.5172825	0.6226770	0.3877642
950	0.1591751	0.6934448	0.5443288	0.5040286	0.3422601
1000	0.1950099	0.5255878	0.5671580	0.6539671	0.3723874

0	0.1805561	0.6802357	0.5678596	0.5901336	0.3298944
50	0.1890030	0.4910965	0.5227836	0.6739237	0.4193533
100	0.2305298	0.3967886	0.4194082	0.6959591	0.4949893
150	0.2441856	0.4304034	0.4742084	0.7039112	0.3622981
200	0.1985347	0.3830316	0.4168852	0.5918753	0.3753589
250	0.2308843	0.4367858	0.3720739	0.6755688	0.3409296
300	0.2423548	0.4551644	0.3460315	0.6666833	0.3575316
350	0.2254688	0.4698078	0.4541416	0.4639260	0.3793341
400	0.1951175	0.4420720	0.3724153	0.5008816	0.3820500
450	0.2316471	0.4817562	0.3851618	0.5979016	0.4104010
500	0.1879794	0.4590161	0.2836639	0.6173822	0.4474251
550	0.1722719	0.6104692	0.5033652	0.6695740	0.3722679
600	0.1925177	0.6358567	0.4367649	0.6773836	0.3601281
650	0.2183032	0.6455819	0.4838270	0.5590421	0.3375844
700	0.2296193	0.6248123	0.5221982	0.7143185	0.3456055
750	0.1775208	0.6479717	0.5317120	0.8382366	0.3913787
800	0.1587613	0.6632355	0.5245442	0.6890265	0.3169115
850	0.1553100	0.6464075	0.4860321	0.5366016	0.4303941
900	0.1463529	0.7174327	0.5182735	0.6217376	0.4037803
950	0.1584471	0.6747544	0.5380807	0.5689804	0.3388001
1000	0.1423628	0.6513153	0.5158851	0.6730712	0.3566667

0	0.2159118	0.7129605	0.5299078	0.6662922	0.3502479
50	0.1326050	0.5823408	0.5439498	0.5757977	0.3863319
100	0.1785890	0.7292021	0.4618883	0.7074032	0.3319537
150	0.2022812	0.7881105	0.6121315	0.6420215	0.4440798
200	0.1176780	0.7985269	0.5408329	0.7026498	0.3269714
250	0.1212398	0.6585100	0.6301011	0.6192291	0.4179495
300	0.1487220	0.7018081	0.6066789	0.6758808	0.2902202
350	0.1571058	0.7002269	0.5251205	0.6205277	0.4097027
400	0.2411259	0.7294272	0.5078618	0.5943462	0.3667710
450	0.2016127	0.5694308	0.6069359	0.6027165	0.3259949
500	0.1856851	0.7188796	0.6013931	0.5391518	0.3494142
550	0.1886770	0.5936786	0.6576794	0.6233640	0.3621876
600	0.1899420	0.6664637	0.5412706	0.5977239	0.3225628
650	0.2064605	0.6493099	0.6045959	0.6228808	0.3302089
700	0.1741436	0.7280078	0.5570206	0.5485630	0.3156510
750	0.1176970	0.8075351	0.4464732	0.7260736	0.4320771
800	0.1832372	0.7672766	0.4423045	0.5919779	0.3585528
850	0.1876687	0.6345911	0.5416655	0.6072195	0.3661985
900	0.1360117	0.7172422	0.5285392	0.5768373	0.4580251
950	0.1331819	0.6702661	0.5343098	0.5770324	0.3921260
1000	0.1881189	0.6494042	0.4544159	0.6439664	0.4104056

0	0.2541539	0.6201075	0.5137094	0.7154938	0.3219590
50	0.1578624	0.7996178	0.4918264	0.7783850	0.4028247
100	0.2093405	0.7968110	0.5206769	0.7424448	0.4071231
150	0.1702992	0.4552019	0.5213627	0.6617290	0.3701834
200	0.1671264	0.6900073	0.5522673	0.6532614	0.3420713
250	0.1716303	0.7415178	0.4700237	0.6805603	0.4542831
300	0.1406344	0.5883398	0.5744454	0.5895565	0.3522191
350	0.1399909	0.6608527	0.4711806	0.6889188	0.3257464
400	0.1860346	0.6787890	0.5217364	0.6406714	0.3797313
450	0.1898758	0.6543020	0.4152601	0.7022296	0.3320933
500	0.1999531	0.6490128	0.5492865	0.6144808	0.3068470
550	0.1652962	0.7396051	0.6566632	0.5881264	0.3941789
600	0.1523496	0.6123566	0.4745001	0.6220044	0.3078382
650	0.1990975	0.6348457	0.5492772	0.5779994	0.3307373
700	0.1680946	0.7242936	0.4723798	0.6220577	0.2739127
750	0.1960805	0.6795199	0.5616907	0.5324647	0.4461243
800	0.2152014	0.7601753	0.5012370	0.7206901	0.4393660
850	0.1927861	0.8180447	0.5964428	0.5906939	0.3308087
900	0.1939401	0.5865787	0.5833140	0.7012314	0.2988912
950	0.2257487	0.6804046	0.5250578	0.7809653	0.3702380
1000	0.2285677	0.6838363	0.4412602	0.5855988	0.4021641

0	0.1522173	0.6698728	0.5703689	0.5875287	0.3506092
50	0.2105144	0.7275186	0.5404724	0.5693076	0.6374970
100	0.1727717	0.6095582	0.6023110	0.5286011	0.6472510
150	0.1333817	0.7806778	0.5323417	0.6172475	0.6827570
200	0.1796037	0.6266605	0.5135520	0.6119818	0.5466743
250	0.1872423	0.6396296	0.5627244	0.5596912	0.7272256
300	0.1370800	0.6724121	0.6013658	0.6409491	0.8279228
350	0.1085116	0.6113720	0.4289732	0.6281643	0.7463028
400	0.1653583	0.7409632	0.4821984	0.6620460	0.8111923
450	0.1840020	0.5970312	0.5245765	0.6200169	0.6786368
500	0.1548841	0.6437534	0.6159540	0.6291970	0.6973953
550	0.1217479	0.6720670	0.4310361	0.5817296	0.3717769
600	0.1673519	0.7489566	0.4325575	0.6046800	0.4362287
650	0.1327807	0.7317842	0.5085087	0.7193282	0.4761018
700	0.1342395	0.6622570	0.5346654	0.5657205	0.3536120
750	0.2021000	0.7484800	0.4208817	0.6290593	0.4285252
800	0.1533685	0.7214784	0.4721281	0.6294539	0.4102062
850	0.1060884	0.6203738	0.4944119	0.5199447	0.3770436
900	0.1184128	0.7120609	0.5704798	0.6282877	0.3552792
950	0.1369036	0.6751532	0.4958853	0.7025349	0.4346039
1000	0.1583095	0.7599099	0.4636122	0.5297560	0.4237654

0	0.1638097	0.6047336	0.5222309	0.6903066	0.3624831
50	0.0164468	0.6915204	0.6217511	0.6160294	0.4561311
100	0.0238243	0.7535728	0.6555761	0.6144235	0.3625495
150	0.0090835	0.5929198	0.5859336	0.7495076	0.3433468
200	0.0243531	0.7054197	0.5671386	0.5802696	0.3526650
250	0.0156448	0.7344734	0.6341404	0.8532434	0.3143853
300	0.0087216	0.6729739	0.5719175	0.7157850	0.4523374
350	0.0173430	0.6188940	0.5252836	0.6314648	0.3454980
400	0.0344414	0.6707903	0.6404099	0.7213310	0.3950918
450	0.0336803	0.7633319	0.4468716	0.6444632	0.3487414
500	0.0180933	0.7651355	0.6204457	0.7184822	0.4399193
550	0.1236916	0.7372910	0.5569521	0.6929884	0.4698932
600	0.1253398	0.6626006	0.6232330	0.5184269	0.2931054
650	0.1803554	0.5907077	0.5381514	0.7220634	0.3111035
700	0.1673149	0.6457443	0.5287031	0.5487112	0.3262546
750	0.1602516	0.7492990	0.4504081	0.7879629	0.3156107
800	0.1920165	0.6083154	0.5658612	0.6537457	0.3336258
850	0.1387478	0.7235632	0.4783133	0.6480854	0.4807307
900	0.2188370	0.7557652	0.5860830	0.5565414	0.4144067
950	0.2488870	0.6445204	0.4624101	0.6692895	0.3333789
1000	0.1343681	0.7190637	0.4752337	0.7080538	0.3824325

0	0.1970738	0.7471481	0.5253352	0.5760265	0.3919895
50	0.2677419	0.5450030	0.4765218	0.7072552	0.3625182
100	0.1602264	0.4305939	0.6138843	0.7597416	0.3302015
150	0.1933020	0.5202226	0.5282442	0.6617149	0.4327201
200	0.2015918	0.5593574	0.4585845	0.6082342	0.3800222
250	0.1884784	0.5591906	0.3903375	0.6806373	0.3482870
300	0.2192159	0.5268718	0.4459837	0.6409304	0.4034961
350	0.1594928	0.7038519	0.4464659	0.5362140	0.3928717
400	0.1457555	0.6198631	0.5562323	0.6357401	0.3309374
450	0.1727782	0.5519799	0.5248817	0.6820894	0.3615107
500	0.1929709	0.5879420	0.4758621	0.7372162	0.5015251
550	0.1946082	0.6317704	0.4139579	0.6943619	0.3753867
600	0.2182979	0.6557389	0.4292321	0.5884668	0.4405099
650	0.1486538	0.7605879	0.5296515	0.5835471	0.3993966
700	0.1926854	0.6809694	0.5467269	0.6004924	0.4525508
750	0.1878808	0.6089495	0.4460604	0.6740724	0.2796943
800	0.1476643	0.6098025	0.5574706	0.5806372	0.3824550
850	0.2160482	0.7831462	0.5016836	0.7226378	0.3955733
900	0.1359189	0.6634124	0.4704549	0.7352290	0.4229542
950	0.1566643	0.5796456	0.5844667	0.7689660	0.4666291
1000	0.2230937	0.7612746	0.4598114	0.6966910	0.4093269

0	0.2193802	0.6618575	0.5399020	0.5588009	0.3453969
50	0.1070779	0.6871819	0.4554426	0.7237349	0.3272787
100	0.1702183	0.7154729	0.6271787	0.6325036	0.4107245
150	0.1581768	0.8101462	0.5158735	0.7044934	0.4903833
200	0.1461153	0.7421950	0.5244333	0.7336370	0.4189340
250	0.2191107	0.6403792	0.5549310	0.7169497	0.3176783
300	0.1967732	0.6374289	0.4885672	0.5782077	0.2895560
350	0.1451258	0.6512132	0.5317682	0.6616050	0.4318136
400	0.2154465	0.6380778	0.4443604	0.6133653	0.2617354
450	0.1997093	0.6639645	0.5267379	0.5734090	0.4358742
500	0.1613772	0.7151997	0.5433488	0.5882494	0.4007896
550	0.1327917	0.6371705	0.5218749	0.7287486	0.3096589
600	0.1660752	0.6280000	0.5191626	0.6330793	0.4107789
650	0.1994086	0.6482207	0.4998020	0.6078039	0.4211570
700	0.1875788	0.6579230	0.5060309	0.6538679	0.3342200
750	0.1156815	0.7320451	0.6575092	0.6899325	0.3860723
800	0.1455789	0.7219229	0.5262015	0.6961350	0.3836523
850	0.1774644	0.7018154	0.6246693	0.5679173	0.3367758
900	0.1516624	0.7129201	0.4469043	0.5903153	0.3702519
950	0.2011652	0.6889976	0.5021594	0.6663480	0.4343263
1000	0.1546107	0.6217469	0.3972166	0.6376604	0.3711488

0	0.1971095	0.6547644	0.5870282	0.6891894	0.3673856
50	0.0628981	0.5860244	0.5060244	0.6982471	0.3759541
100	0.0524541	0.5766326	0.6172710	0.6461052	0.3286702
150	0.0260744	0.6382962	0.5451749	0.7554743	0.3704162
200	0.0371181	0.6274209	0.5411099	0.7482918	0.3301667
250	0.0279137	0.6289036	0.5966040	0.7037212	0.3648236
300	0.0340198	0.7168814	0.5146242	0.6293481	0.3916747
350	0.0223893	0.6376599	0.5341425	0.7505032	0.3025170
400	0.0344326	0.7199868	0.6352572	0.7042223	0.3451772
450	0.0405232	0.6184280	0.5111704	0.6084072	0.3641419
500	0.0190932	0.6325452	0.4659394	0.6905407	0.4100743
550	0.1803867	0.8115164	0.4116356	0.5818388	0.3140211
600	0.1576951	0.7522977	0.3609404	0.5878172	0.3034919
650	0.1318396	0.6709509	0.4440613	0.6525936	0.4643261
700	0.1270570	0.8037882	0.4357523	0.5514418	0.2930698
750	0.1288645	0.6409757	0.5077361	0.5953622	0.3360492
800	0.1292066	0.6455945	0.4419498	0.6974293	0.4438294
850	0.2399032	0.5484569	0.4490444	0.5091539	0.3878905
900	0.2323948	0.6606555	0.6247528	0.6743680	0.4046220
950	0.1689047	0.8553339	0.4695211	0.5620382	0.3665291
1000	0.1233309	0.6741935	0.5409651	0.5457346	0.3564594

0	0.1935852	0.6460486	0.4660970	0.6775241	0.3339864
50	0.1097923	0.8050817	0.5752409	0.7203362	0.3343241
100	0.1382086	0.7939662	0.4643571	0.7073463	0.2831220
150	0.1828353	0.7056864	0.4058493	0.7168889	0.4420729
200	0.1720748	0.5563247	0.5891819	0.8083154	0.3794827
250	0.2101864	0.7322356	0.6542102	0.6307282	0.3346602
300	0.1541200	0.6875839	0.5500165	0.7021158	0.3756122
350	0.1773481	0.7015037	0.4483378	0.7724632	0.4203482
400	0.1587746	0.6554017	0.5409487	0.6260798	0.3753892
450	0.1968580	0.6553176	0.4452531	0.6157669	0.3145273
500	0.1336688	0.7131199	0.4665282	0.6572921	0.3889985
550	0.1746733	0.5741712	0.5662843	0.6246049	0.3726484
600	0.1898458	0.7621598	0.5482390	0.4992500	0.4505083
650	0.1698699	0.7038436	0.4391531	0.6555784	0.3514365
700	0.1428196	0.7584074	0.5679920	0.5556478	0.3778986
750	0.1720291	0.6675799	0.4288841	0.6286650	0.4665283
800	0.1206979	0.6355900	0.4653795	0.6394110	0.3085258
850	0.1745062	0.6599313	0.6550411	0.6506709	0.4067015
900	0.1500101	0.7012208	0.5378881	0.5893667	0.3040560
950	0.2158395	0.8661476	0.5527166	0.6683982	0.2946442
1000	0.1412141	0.7251953	0.4863498	0.6707775	0.3110702

0	0.2119381	0.6877766	0.4690020	0.5726602	0.3632801
50	0.1105958	0.4261685	0.6904403	0.6607028	0.4139981
100	0.1380776	0.3130252	0.6113011	0.7239970	0.3584482
150	0.1264164	0.2748045	0.6374352	0.7503484	0.2792453
200	0.1910880	0.3689709	0.5280558	0.8789862	0.2773505
250	0.1668147	0.3046596	0.5584200	0.7643806	0.2421568
300	0.1605142	0.3422137	0.6139834	0.6497632	0.1952136
350	0.1945710	0.2698818	0.5877504	0.7393372	0.2472972
400	0.1353544	0.5220810	0.5978876	0.6898460	0.3761765
450	0.1859485	0.3128209	0.5617762	0.7352320	0.3287894
500	0.1404319	0.2741892	0.7039191	0.6453309	0.3301795
550	0.2305721	0.5751386	0.5477725	0.7081073	0.3767293
600	0.2139668	0.6084340	0.4363550	0.5027715	0.3619505
650	0.1213000	0.7672013	0.4218204	0.7133223	0.2830009
700	0.1680914	0.6555746	0.5817860	0.7961973	0.3786040
750	0.1252008	0.7017833	0.5445155	0.6879864	0.4130096
800	0.1680523	0.6964918	0.4711802	0.6477416	0.3494188
850	0.2652228	0.6735390	0.6310770	0.6937669	0.3547943
900	0.1830278	0.6881713	0.5599882	0.6671223	0.3571746
950	0.1604114	0.6437346	0.5726936	0.6106867	0.3820245
1000	0.1621188	0.8474941	0.4203112	0.7373719	0.3944590

0	0.1866185	0.6404260	0.5306061	0.5605828	0.3598912
50	0.2374497	0.6711209	0.5502824	0.5307879	0.3601142
100	0.1600837	0.6984558	0.5277099	0.7030478	0.3184098
150	0.1678839	0.8978815	0.5629384	0.6087629	0.4098116
200	0.1342050	0.6569975	0.5218043	0.6164310	0.3762229
250	0.1397987	0.7465265	0.4795379	0.5974225	0.4953866
300	0.2011866	0.6868833	0.4513764	0.6296260	0.4231449
350	0.1660129	0.7264779	0.5310203	0.5141095	0.3875559
400	0.1818532	0.5780914	0.4739737	0.5657794	0.4374927
450	0.1644464	0.6451799	0.5098189	0.6621424	0.3898488
500	0.1548942	0.6304667	0.5247242	0.5849032	0.4739307
550	0.1569146	0.6476893	0.5025294	0.6628298	0.3821178
600	0.2058166	0.7864725	0.5509003	0.6698109	0.3245101
650	0.1451180	0.7320364	0.4227015	0.5438554	0.3590506
700	0.2045709	0.8216105	0.5389907	0.5184091	0.3697890
750	0.1160993	0.7186392	0.4917082	0.6743299	0.3752493
800	0.1097378	0.6706653	0.5665517	0.6351315	0.3083166
850	0.1890768	0.6633410	0.6074894	0.7001183	0.3631821
900	0.1727153	0.6492423	0.5263401	0.6287014	0.4232202
950	0.1258965	0.6949535	0.4396839	0.6767120	0.3560619
1000	0.1529963	0.6507849	0.5299274	0.5747535	0.4246726

0	0.1960684	0.6251752	0.5346927	0.6593962	0.3918526
50	0.1728250	0.6626143	0.4257216	0.6502579	0.3539772
100	0.1516665	0.5650397	0.4814478	0.7770464	0.3801325
150	0.1694919	0.7386959	0.4745083	0.6741543	0.3467417
200	0.1852020	0.7634171	0.5313284	0.6776646	0.4590878
250	0.1639726	0.8023164	0.6198061	0.6417443	0.3414581
300	0.1579499	0.7947022	0.5198488	0.7040693	0.3914959
350	0.1344561	0.7832320	0.4603453	0.7880354	0.3617294
400	0.1383532	0.7592905	0.5414832	0.6974507	0.3602861
450	0.1744242	0.7534760	0.5409090	0.6320537	0.3678381
500	0.1540288	0.6980726	0.6389277	0.6926521	0.3574179
550	0.1794827	0.6929722	0.5546072	0.6749009	0.3734871
600	0.2420702	0.8378461	0.5411939	0.6674970	0.3290852
650	0.1405769	0.7960422	0.5225526	0.5859547	0.3996801
700	0.1298918	0.7362165	0.5312568	0.6220759	0.4358006
750	0.1902782	0.6736522	0.5746165	0.7039098	0.4620083
800	0.1805489	0.6538978	0.5039445	0.5869927	0.3469732
850	0.1453268	0.7414851	0.5222091	0.8137953	0.3241369
900	0.1769667	0.7088689	0.4222091	0.6548358	0.3474604
950	0.0821122	0.7327153	0.4076865	0.6217844	0.4479327
1000	0.1655410	0.6457725	0.5118701	0.6201332	0.2912308

0	0.2341623	0.7511278	0.5849978	0.7385351	0.4303245
50	0.1859214	0.5967895	0.5276342	0.5339494	0.4335978
100	0.1588705	0.5912938	0.5861134	0.7215927	0.3608025
150	0.1397280	0.6296087	0.5043268	0.6705321	0.3827707
200	0.1491094	0.6055467	0.5351474	0.6907663	0.4334011
250	0.1916776	0.6787003	0.6121005	0.7056386	0.3557476
300	0.2125255	0.7151709	0.6213636	0.6668390	0.4579789
350	0.1864445	0.7992088	0.6429576	0.7776468	0.3326610
400	0.2502644	0.7711216	0.4875712	0.5910654	0.3255134
450	0.2423578	0.6964975	0.6423888	0.6162091	0.3585293
500	0.1188624	0.7571649	0.5407450	0.6597566	0.4214827
550	0.1120751	0.7196593	0.4957189	0.5479554	0.3939749
600	0.1671068	0.6737131	0.5585617	0.5796441	0.3500765
650	0.1475096	0.7562767	0.5076942	0.6516313	0.3536487
700	0.1647010	0.6341825	0.5566630	0.6128791	0.3528109
750	0.1894683	0.5194422	0.5949230	0.5264513	0.4927468
800	0.1522343	0.6362294	0.6457530	0.6803657	0.2980817
850	0.1806887	0.6985546	0.5827230	0.5395237	0.3384116
900	0.1628826	0.8186933	0.5922565	0.5863485	0.3350212
950	0.1549977	0.6824474	0.4219682	0.5313933	0.4015709
1000	0.1681093	0.6934445	0.4969926	0.6767112	0.3457775

0	0.1212102	0.5861623	0.5559631	0.6095167	0.3120268
50	0.1334416	0.7940516	0.5928320	0.6799496	0.3964802
100	0.1150395	0.7785406	0.4981035	0.7133118	0.3703970
150	0.0880238	0.6632225	0.4298008	0.6706938	0.4390098
200	0.1092153	0.6862912	0.4695146	0.5982437	0.2819498
250	0.1054331	0.7214512	0.5443647	0.5433745	0.3897829
300	0.1569610	0.5471694	0.4970484	0.6562537	0.3089550
350	0.0794985	0.7127814	0.5273125	0.6991167	0.3531340
400	0.0822234	0.6312940	0.4854092	0.7483860	0.3991992
450	0.1504250	0.6690675	0.4013599	0.7210481	0.3532465
500	0.1246713	0.7222662	0.3877749	0.7236843	0.3419734
550	0.2190422	0.6601960	0.4857643	0.6401766	0.3420834
600	0.1438146	0.6072347	0.4037941	0.6448746	0.4346869
650	0.1272404	0.5942671	0.4077311	0.5830721	0.4115853
700	0.1663449	0.8451850	0.4588883	0.7017247	0.4803385
750	0.1968053	0.5816761	0.5821732	0.6105072	0.3526154
800	0.1987992	0.6589912	0.4629347	0.6462750	0.3606060
850	0.2151737	0.6808875	0.4924073	0.6126414	0.3561016
900	0.1465839	0.7494110	0.6395098	0.5623411	0.3601281
950	0.1808380	0.7468917	0.4015121	0.6502555	0.3843885
1000	0.1294599	0.7874564	0.4405716	0.7424097	0.4003335

0	0.1936201	0.7527504	0.5442533	0.6754661	0.3159462
50	0.1272616	0.5747905	0.5837598	0.7111299	0.3181566
100	0.2115847	0.7127971	0.4987467	0.5006169	0.3480401
150	0.2468446	0.6782511	0.5545512	0.5021956	0.3898940
200	0.1816198	0.5436642	0.4218626	0.6090291	0.3589005
250	0.1966884	0.7705682	0.6065695	0.5897293	0.3638183
300	0.1655318	0.7356487	0.5619797	0.5332975	0.3595009
350	0.1601495	0.6858731	0.4828888	0.6188117	0.3994780
400	0.1867347	0.7357343	0.5336350	0.6375852	0.4439801
450	0.1550025	0.7556966	0.5492087	0.6032716	0.3410505
500	0.1407502	0.6992553	0.4740458	0.6129341	0.2914009
550	0.1846981	0.7190470	0.3921741	0.6827691	0.3245668
600	0.2172246	0.6329981	0.5132831	0.6651383	0.3370434
650	0.2080988	0.7363345	0.4643480	0.6122665	0.4225321
700	0.1935905	0.7415406	0.5063957	0.6918894	0.3423023
750	0.1598071	0.6220884	0.4761253	0.6660198	0.2878340
800	0.1229185	0.6622448	0.4998761	0.5264896	0.3161713
850	0.1585703	0.6222170	0.4528972	0.6628010	0.3291425
900	0.1747155	0.6420392	0.4853358	0.7185090	0.4833834
950	0.2157497	0.5888777	0.4190284	0.5533088	0.3717339
1000	0.2159619	0.7055602	0.4928958	0.5753822	0.3624552

0	0.1807559	0.6370972	0.5207693	0.5791617	0.3136544
50	0.1553440	0.7582013	0.4722241	0.6466155	0.4491415
100	0.1772580	0.8000972	0.5791670	0.5847605	0.3328029
150	0.1350868	0.6827853	0.5417083	0.6025872	0.3415379
200	0.1552702	0.6560304	0.5915862	0.5792334	0.3405938
250	0.1354119	0.5882793	0.4571561	0.7203518	0.3016731
300	0.1811062	0.7714829	0.6307465	0.6999638	0.3573439
350	0.1322636	0.6681801	0.4713556	0.6706598	0.3391033
400	0.1836006	0.7148563	0.5688777	0.6317737	0.3229526
450	0.1007385	0.7336018	0.6481301	0.6482639	0.3875054
500	0.2099301	0.6726255	0.4826728	0.6952325	0.3459353
550	0.1772255	0.6152375	0.6322117	0.6852000	0.3373733
600	0.2055985	0.7552083	0.5604544	0.5239711	0.4549253
650	0.2051130	0.5652145	0.4262089	0.6131111	0.3627484
700	0.1714212	0.6245094	0.4802060	0.5553835	0.2869584
750	0.1622519	0.7833051	0.4849957	0.6622918	0.4253515
800	0.1289159	0.6931439	0.6631113	0.6954946	0.3605124
850	0.1979017	0.6320327	0.4759858	0.6953169	0.3180408
900	0.1905329	0.6782868	0.5523291	0.6551944	0.3189295
950	0.1334722	0.5963761	0.5559467	0.5885744	0.3536849
1000	0.1908530	0.6476451	0.5485401	0.7131741	0.3286172

0	0.1831080	0.6193308	0.5544445	0.6029004	0.4673134
50	0.1954936	0.3570727	0.6731935	0.5825453	0.2733810
100	0.2784353	0.2242261	0.5548818	0.7046142	0.3062151
150	0.2786897	0.2256453	0.4753311	0.7250338	0.3194752
200	0.3049616	0.2450365	0.5188869	0.6360033	0.3054857
250	0.2339826	0.3790714	0.5566864	0.5516606	0.2461879
300	0.2921877	0.1612802	0.5162586	0.6937126	0.3131135
350	0.3265060	0.2167149	0.5036783	0.5723187	0.2315782
400	0.2400134	0.2269334	0.4548194	0.5638196	0.2794501
450	0.3614341	0.2224126	0.5640283	0.6973834	0.3037450
500	0.3576197	0.2379269	0.5395044	0.6454587	0.3439550
550	0.2538883	0.5524622	0.4957545	0.5905904	0.2859434
600	0.1350714	0.6516281	0.5635100	0.5870623	0.3180851
650	0.1381381	0.6940918	0.4528019	0.6203612	0.4405104
700	0.2070012	0.6637388	0.4607981	0.7036237	0.2727366
750	0.1524713	0.7510772	0.5384221	0.6145342	0.2744434
800	0.1681942	0.6615665	0.5292851	0.5786642	0.4449826
850	0.1549757	0.5807608	0.4770459	0.5745753	0.3964800
900	0.1503906	0.8600902	0.5983990	0.6848883	0.3067890
950	0.1505122	0.6667400	0.5159498	0.6276365	0.3659463
1000	0.1668673	0.7449890	0.4756539	0.5858507	0.4457722

0	0.1852321	0.7055054	0.4356845	0.6311486	0.3467179
50	0.2782875	0.4281101	0.5665989	0.6678938	0.4562823
100	0.2099541	0.4780473	0.5530668	0.5901382	0.3642341
150	0.1966334	0.4042730	0.4964830	0.6595228	0.2633855
200	0.2599875	0.4502951	0.5063664	0.6144536	0.4308697
250	0.2313229	0.4317496	0.5480054	0.5977624	0.4317721
300	0.2921794	0.4924140	0.4988673	0.6759001	0.3966559
350	0.2185544	0.5088358	0.4450812	0.6040891	0.3675809
400	0.2383646	0.3750702	0.4476998	0.6493489	0.3341152
450	0.2858911	0.4546816	0.4504067	0.6311660	0.3469186
500	0.2790210	0.3785478	0.4644622	0.5925951	0.3034522
550	0.2270646	0.6168156	0.4844740	0.7539931	0.4685266
600	0.1986188	0.7941632	0.4788142	0.7463510	0.2947096
650	0.1388084	0.7362911	0.5392281	0.6076390	0.3965323
700	0.1478778	0.7187943	0.4729399	0.6122037	0.3457887
750	0.2331423	0.7268937	0.4728236	0.6469164	0.4035343
800	0.1406569	0.8038336	0.6122276	0.5673068	0.3760235
850	0.1990953	0.7432773	0.5108918	0.5513996	0.2710756
900	0.2315911	0.6406499	0.6000970	0.7402584	0.3590761
950	0.1403756	0.6768822	0.5615698	0.7821591	0.4817831
1000	0.1538017	0.5532971	0.5106217	0.6329515	0.3929834

0	0.2033851	0.6711064	0.5584349	0.6947470	0.3497715
50	0.2972551	0.1053658	0.4383150	0.6683928	0.3348516
100	0.3466376	0.0851125	0.3808452	0.6129284	0.2610795
150	0.3525093	0.0447820	0.2615196	0.3638833	0.1882615
200	0.4054245	0.0677649	0.2234364	0.3916356	0.1817687
250	0.4758938	0.0975892	0.2503922	0.3199305	0.2229711
300	0.5079141	0.0310000	0.2894132	0.2901188	0.2421448
350	0.5600508	0.0360565	0.2344100	0.3400271	0.2707999
400	0.5253384	0.0645142	0.2060071	0.4787406	0.2175250
450	0.5825151	0.0532011	0.1893804	0.2923508	0.2617394
500	0.5174940	0.0785148	0.2857799	0.2948943	0.2837705
550	0.4088869	0.6919234	0.3137347	0.5974011	0.2963594
600	0.1934761	0.8512929	0.4156325	0.5389714	0.3657073
650	0.1408799	0.6458407	0.5233115	0.6641318	0.3302367
700	0.2166419	0.5719715	0.4978600	0.5275086	0.3100715
750	0.2083463	0.7207010	0.4122805	0.6531286	0.3936987
800	0.1839496	0.7039004	0.5406815	0.6227456	0.4791080
850	0.1976416	0.7768874	0.5605358	0.7418499	0.3742031
900	0.1677226	0.7383347	0.4723012	0.6445893	0.3883326
950	0.1379421	0.8036796	0.5324754	0.7380232	0.4426265
1000	0.1483365	0.6473662	0.5621053	0.6602727	0.4310647

0	0.1714264	0.6604633	0.5808437	0.5914217	0.3950669
50	0.1602139	0.5639234	0.5559611	0.6895513	0.4315757
100	0.1353783	0.7431147	0.4536996	0.8236564	0.4457741
150	0.1624147	0.5806990	0.4835733	0.6863491	0.4739794
200	0.1832103	0.7075342	0.3999326	0.6642263	0.5004767
250	0.1775703	0.6808708	0.5262816	0.6851878	0.4871734
300	0.2537204	0.6720790	0.4961913	0.6550610	0.5492846
350	0.1375777	0.8783893	0.4905004	0.6660639	0.4452131
400	0.1497790	0.6959990	0.4990350	0.6766671	0.5323853
450	0.1104879	0.5746132	0.4207938	0.6338299	0.4527998
500	0.1875904	0.6708673	0.5366642	0.7494086	0.4307454
550	0.1864395	0.7050884	0.4305355	0.7018395	0.3992887
600	0.2012687	0.4577963	0.5227100	0.7434658	0.3901231
650	0.1371007	0.5929076	0.5278805	0.6220409	0.4190421
700	0.1489005	0.7394695	0.4874685	0.5973404	0.3534523
750	0.1662577	0.6280641	0.4924725	0.5226743	0.3478653
800	0.1964670	0.6034708	0.5746757	0.7316808	0.3558144
850	0.1452223	0.7662554	0.4245267	0.6392233	0.3712909
900	0.1557274	0.6484462	0.5220041	0.5609872	0.3888656
950	0.0984899	0.7095622	0.4806598	0.5935900	0.3642693
1000	0.1891679	0.5503717	0.4886416	0.6676622	0.3347371

0	0.1609789	0.5941228	0.6617208	0.7301767	0.3759717
50	0.1408895	0.7055694	0.6374151	0.5713111	0.4424058
100	0.1134194	0.6444916	0.5467691	0.6081402	0.5093887
150	0.1244183	0.7011108	0.6313332	0.5954658	0.4282465
200	0.1937509	0.7370418	0.4185636	0.6270314	0.4093921
250	0.1948301	0.7751002	0.5048070	0.6705629	0.4128352
300	0.1813283	0.7236556	0.5063801	0.7205332	0.5905406
350	0.1775142	0.6817892	0.5266387	0.6334698	0.3483754
400	0.1066361	0.6779177	0.4880961	0.6777533	0.4556898
450	0.1618580	0.6180880	0.5887131	0.5271276	0.5113432
500	0.2117779	0.5079959	0.5424565	0.6524325	0.5055377
550	0.1492772	0.6629337	0.6601300	0.7274190	0.3825725
600	0.1164233	0.6230768	0.4688473	0.6928844	0.3356497
650	0.2499400	0.7768949	0.5117453	0.5926132	0.3612044
700	0.1237761	0.6705319	0.6414401	0.6976465	0.3617745
750	0.1628467	0.6538510	0.5505123	0.5737553	0.4228577
800	0.1579988	0.6476511	0.5629493	0.6538745	0.2921805
850	0.1638064	0.8168073	0.4442690	0.5761509	0.3812351
900	0.2815723	0.7075583	0.5204765	0.5791313	0.3677627
950	0.1557003	0.5330270	0.4690007	0.5499936	0.3297639
1000	0.1929504	0.7873386	0.4691324	0.6190586	0.3216348

0	0.1528743	0.7181716	0.5402999	0.6253425	0.4042753
50	0.1722526	0.6690354	0.5554655	0.6634810	0.4163255
100	0.1496207	0.7173326	0.4977121	0.7775608	0.4461542
150	0.1341272	0.5842703	0.5076853	0.6948387	0.4454254
200	0.1408316	0.6620782	0.4852865	0.7225314	0.4257263
250	0.1528330	0.8095364	0.5007563	0.5373724	0.3957725
300	0.1745299	0.7919851	0.5311362	0.5990265	0.3527770
350	0.2016826	0.5763375	0.4316882	0.7280758	0.4061253
400	0.1067033	0.6600062	0.4349326	0.6103559	0.4025547
450	0.1297882	0.7717558	0.5219025	0.6186074	0.4120698
500	0.1563703	0.7826217	0.6697807	0.5510439	0.3845089
550	0.1266852	0.6053135	0.6036058	0.6146636	0.4773052
600	0.2035393	0.6911037	0.5697552	0.6887390	0.3740395
650	0.1702299	0.7085988	0.5196945	0.5335467	0.3819470
700	0.1373866	0.6333043	0.5053678	0.5917912	0.3887545
750	0.1690308	0.7549851	0.5600333	0.6607169	0.3377832
800	0.1812752	0.6281144	0.5504552	0.6128425	0.3696050
850	0.1677265	0.6036401	0.4657189	0.6614083	0.4274435
900	0.1594266	0.6515791	0.4852269	0.6793573	0.3255452
950	0.1529257	0.6521481	0.4835163	0.6648286	0.3198975
1000	0.1294050	0.7228937	0.5053434	0.5805822	0.4213885

0	0.1899410	0.6861118	0.5509721	0.6011781	0.3666677
50	0.2412204	0.4481129	0.5272773	0.7378627	0.7018087
100	0.1737112	0.4822484	0.4950490	0.7117327	0.7042480
150	0.1755864	0.4626209	0.3688771	0.6309908	0.7511445
200	0.1912825	0.4731365	0.4871096	0.8764598	0.6905902
250	0.2343204	0.4080604	0.5524331	0.7274327	0.7315708
300	0.1346791	0.3346019	0.5060511	0.6593775	0.7771569
350	0.2007622	0.4068851	0.3956523	0.6685321	0.6064536
400	0.2177660	0.4366659	0.4414449	0.6358855	0.5918065
450	0.2229756	0.4417883	0.4552918	0.5939392	0.7740154
500	0.2150716	0.5933500	0.4357206	0.5793294	0.6834884
550	0.1861861	0.6573403	0.3426377	0.7205527	0.4721414
600	0.1291995	0.5873927	0.3747391	0.6477729	0.2665624
650	0.1881358	0.6244990	0.4805967	0.7556373	0.4013875
700	0.1763364	0.7900344	0.4932965	0.6576958	0.3720215
750	0.1948928	0.6281344	0.5568770	0.5724728	0.4159101
800	0.1452197	0.6877053	0.5156346	0.6503858	0.3005343
850	0.1766277	0.6701643	0.4159111	0.6446744	0.4591412
900	0.1369311	0.7646769	0.4164162	0.6611842	0.3522255
950	0.1849664	0.6878951	0.4379728	0.5567850	0.4018980
1000	0.1997570	0.5927041	0.4653212	0.6021611	0.3962473

0	0.1827901	0.7218094	0.5417754	0.6496413	0.4219954
50	0.1369171	0.6178496	0.4800886	0.7198881	0.3986644
100	0.1851696	0.7831991	0.6198578	0.6564225	0.3772614
150	0.1457514	0.7508361	0.5106696	0.7184177	0.4030844
200	0.1327499	0.6875029	0.4275360	0.6203416	0.3556959
250	0.1722361	0.8208142	0.4573047	0.6245680	0.3696734
300	0.1379667	0.6507827	0.5141745	0.6149744	0.3659384
350	0.1551820	0.5835330	0.5144007	0.7549136	0.3553495
400	0.1848150	0.7430718	0.4800832	0.5400842	0.3995025
450	0.1665967	0.7116560	0.4255623	0.6330217	0.4005643
500	0.1784553	0.6358863	0.4966714	0.7066107	0.3369246
550	0.1188460	0.6992964	0.5443372	0.7365806	0.4381066
600	0.1264341	0.6244157	0.6179749	0.6468488	0.3322440
650	0.2331593	0.6378065	0.4950913	0.6748478	0.3472353
700	0.1398768	0.7862023	0.5270328	0.5561262	0.5194069
750	0.1228673	0.6113734	0.5303783	0.5599094	0.4316227
800	0.1792147	0.6121073	0.4904707	0.7027283	0.4073792
850	0.1974504	0.5220654	0.5410198	0.6797093	0.2725514
900	0.1694107	0.7355225	0.6245251	0.7700920	0.3890280
950	0.1418048	0.6737370	0.4181033	0.6618331	0.3579296
1000	0.1961444	0.6083500	0.4262398	0.6535541	0.4948104

0	0.2055332	0.6320396	0.6112875	0.5790511	0.3442137
50	0.1362060	0.6997118	0.6110414	0.5566605	0.3255648
100	0.1979964	0.7904653	0.5033379	0.6159357	0.4635895
150	0.1597691	0.8335345	0.5447648	0.5899632	0.3085280
200	0.1665631	0.8093681	0.5332803	0.5505236	0.3913443
250	0.1880082	0.7288152	0.5575347	0.6213730	0.3743480
300	0.1417620	0.6393067	0.4165760	0.5847145	0.3808090
350	0.1865577	0.7541308	0.4542664	0.6278518	0.3417983
400	0.1203519	0.6331815	0.5821481	0.6042454	0.4014986
450	0.1799917	0.7356376	0.5044990	0.7379411	0.4269711
500	0.1564049	0.7992088	0.4871699	0.5439422	0.3463161
550	0.1494862	0.6716580	0.4996896	0.5777040	0.3750476
600	0.1695136	0.6774777	0.5201187	0.5130470	0.3222076
650	0.1146519	0.6314005	0.5075855	0.5958174	0.2574120
700	0.1852373	0.6945241	0.5111919	0.5422570	0.3791950
750	0.1423283	0.6652810	0.4302758	0.6974849	0.3469591
800	0.1419449	0.8278002	0.5499542	0.6948296	0.3102557
850	0.1421098	0.7095368	0.5420103	0.6063908	0.3789232
900	0.2055991	0.6206666	0.5443711	0.6216475	0.3919778
950	0.2751423	0.7163218	0.4860117	0.5806591	0.4117924
1000	0.2105873	0.6460991	0.4960083	0.7297854	0.3352115

0	0.1958105	0.6557429	0.5532580	0.5833846	0.3268476
50	0.1501277	0.6784575	0.5716641	0.6224127	0.4372375
100	0.1672802	0.6616527	0.6262504	0.5855315	0.3240016
150	0.1575171	0.7488166	0.6606337	0.4543820	0.3547888
200	0.1849753	0.7514981	0.4871376	0.7189597	0.4289953
250	0.1612625	0.7057362	0.6158464	0.6246300	0.3818425
300	0.1739124	0.6488115	0.6288624	0.7123931	0.4111813
350	0.1696109	0.5946501	0.6577558	0.5468707	0.4555044
400	0.1516084	0.6832960	0.5815801	0.6158875	0.3988481
450	0.1794723	0.6452771	0.5394576	0.5601090	0.3891692
500	0.1845303	0.7301410	0.6396565	0.5324766	0.3287135
550	0.1430511	0.5912818	0.5928861	0.5406836	0.3495241
600	0.1392678	0.6431373	0.5917237	0.6760448	0.3269358
650	0.1904736	0.6135064	0.5098604	0.6484989	0.3860227
700	0.1804726	0.6932021	0.5110680	0.5714277	0.4709386
750	0.0876063	0.7346127	0.4690291	0.6821632	0.3559329
800	0.1197164	0.6961840	0.5571102	0.6286195	0.3354299
850	0.1435767	0.5511936	0.5134087	0.5878867	0.3945833
900	0.2083850	0.6619938	0.4443097	0.6225538	0.4508407
950	0.2507361	0.7379334	0.4532845	0.5483980	0.3089675
1000	0.2147125	0.6515612	0.4875720	0.5505704	0.3351602

0	0.3428538	0.6675864	0.5572620	0.6475834	0.4082461
50	0.1751063	0.5178613	0.5433730	0.6342980	0.4367828
100	0.1627030	0.4194340	0.5392119	0.6910824	0.3182414
150	0.2503249	0.4464649	0.5104731	0.5594663	0.3501051
200	0.2030386	0.5136549	0.4749331	0.5877295	0.3105628
250	0.2914128	0.4534788	0.4934546	0.5494288	0.3718081
300	0.2429566	0.3886867	0.5196069	0.5827693	0.3531536
350	0.2397014	0.3543228	0.4447979	0.7870631	0.4106389
400	0.2529863	0.3822837	0.4687920	0.6715663	0.2961183
450	0.1947172	0.4408640	0.4940013	0.6909329	0.2899334
500	0.2152028	0.5603782	0.4809097	0.7267882	0.3663127
550	0.2182335	0.5532177	0.4862321	0.5129449	0.3475100
600	0.2069930	0.6374077	0.5211316	0.7121813	0.3637758
650	0.1624301	0.6365020	0.6013628	0.6692221	0.3687848
700	0.1946256	0.6995090	0.5513295	0.6205096	0.3578569
750	0.2048438	0.6992812	0.5374891	0.7520833	0.3360129
800	0.2034117	0.7359158	0.5239120	0.5924749	0.3162643
850	0.1843752	0.6991199	0.4317501	0.7598835	0.4434350
900	0.1506964	0.7464375	0.4998015	0.5996662	0.3471583
950	0.1936590	0.6704377	0.5287230	0.6072792	0.3942686
1000	0.1378792	0.6521727	0.5044428	0.7057533	0.4243902

0	0.2113831	0.6785413	0.5573600	0.6344970	0.4120515
50	0.1993545	0.7033668	0.5829089	0.5912105	0.3306717
100	0.1454031	0.7304447	0.5255139	0.5799843	0.4410469
150	0.1457387	0.7310698	0.5979173	0.6733828	0.3961997
200	0.1620157	0.5627565	0.5247862	0.5763768	0.3718887
250	0.1868141	0.6806851	0.5405829	0.6175570	0.4018079
300	0.1653539	0.6357211	0.5301175	0.7516640	0.3774519
350	0.2462507	0.7239169	0.6835196	0.6535886	0.3782410
400	0.1640120	0.6780904	0.6281488	0.6198678	0.4117533
450	0.1849539	0.7535059	0.5302881	0.6784008	0.3822371
500	0.1205138	0.6842514	0.5798352	0.7171933	0.3536317
550	0.1907318	0.7736091	0.5013003	0.6019028	0.3758038
600	0.1854395	0.6282926	0.4776493	0.6446357	0.3358971
650	0.1792459	0.6021350	0.5067471	0.6851305	0.4063678
700	0.1985912	0.7311998	0.5627906	0.6563996	0.4220549
750	0.2239912	0.6609626	0.3626388	0.5700392	0.3359152
800	0.1593133	0.6095015	0.5123345	0.6911953	0.4127431
850	0.1957429	0.7138907	0.4960824	0.6172002	0.3792735
900	0.1363738	0.7425312	0.4928522	0.5647596	0.3873321
950	0.1768520	0.6346773	0.5453416	0.6701744	0.4403926
1000	0.1369654	0.6189511	0.4859006	0.7315928	0.3649135

0	0.1615704	0.5894921	0.5342139	0.7070422	0.4071909
50	0.1406980	0.5118060	0.5035757	0.5870899	0.3932468
100	0.2317833	0.5643512	0.5359796	0.5843027	0.3782130
150	0.1430899	0.5222727	0.4681894	0.6815322	0.4222601
200	0.1192564	0.5588462	0.3611510	0.6162734	0.3357485
250	0.1731671	0.5935599	0.4941831	0.5902082	0.2745366
300	0.1212702	0.5532692	0.4092772	0.6648870	0.3595350
350	0.1513303	0.5532816	0.5242803	0.5938774	0.3007676
400	0.1470819	0.4717004	0.5402075	0.5854445	0.3456873
450	0.1387372	0.5185276	0.5611927	0.5691814	0.3493506
500	0.1712787	0.5065431	0.4341534	0.6225787	0.4320611
550	0.2766442	0.6450726	0.4658336	0.7214975	0.3559650
600	0.1544904	0.6935024	0.5023722	0.6257368	0.3825493
650	0.1540478	0.6508544	0.5615628	0.5870065	0.4478877
700	0.1659616	0.6716083	0.4896312	0.6306120	0.3441253
750	0.2905685	0.7542350	0.5759762	0.6579202	0.3641133
800	0.1461783	0.6610325	0.5880308	0.6370289	0.2981166
850	0.1832537	0.5884158	0.4698468	0.6959601	0.3540136
900	0.1892586	0.9255531	0.5697241	0.6778106	0.4697264
950	0.1903835	0.7681612	0.5330622	0.6269468	0.3937221
1000	0.2505371	0.6085450	0.6196380	0.4783219	0.4448567

0	0.1973427	0.6899513	0.6030149	0.5649395	0.3549688
50	0.0244955	0.7960448	0.5292993	0.7105055	0.6546860
100	0.0159312	0.7430327	0.5111466	0.5723623	0.5514349
150	0.0060869	0.7038020	0.5583016	0.6348713	0.7619316
200	0.0444172	0.6197834	0.6110936	0.6212436	0.7461601
250	0.0357630	0.6558293	0.5680733	0.5008797	0.6912256
300	0.0618325	0.6132439	0.6064806	0.7095524	0.7340671
350	0.0213632	0.6179045	0.5646406	0.7000471	0.7186908
400	0.0406151	0.7140841	0.5017492	0.6549960	0.7820414
450	0.0129779	0.5799131	0.5473415	0.7025649	0.6473459
500	0.0174018	0.6930997	0.5097741	0.7006509	0.6203604
550	0.2288337	0.6348372	0.5265742	0.6858800	0.4728603
600	0.2190651	0.8125741	0.5534265	0.5451323	0.4285361
650	0.1548805	0.7073475	0.5471589	0.6783133	0.5080376
700	0.1356738	0.6874964	0.4939941	0.6591523	0.3953772
750	0.1692350	0.6663616	0.5204727	0.5701744	0.3221881
800	0.1270531	0.8172109	0.6091931	0.5989110	0.3209987
850	0.2144005	0.7320792	0.3669218	0.6789207	0.3222575
900	0.0999377	0.6288374	0.5489406	0.6873250	0.3321574
950	0.1237263	0.6792363	0.6449870	0.6188539	0.5061886
1000	0.1592863	0.6440767	0.5725594	0.6577750	0.3658579

0	0.2071036	0.6858237	0.4868594	0.5485093	0.4275903
50	0.2130104	0.6974649	0.5273794	0.6723371	0.3690780
100	0.1807504	0.6606166	0.6317195	0.5851724	0.3567536
150	0.1725807	0.6177104	0.5073354	0.6601933	0.4544973
200	0.1283073	0.6795184	0.4880477	0.8217114	0.4483860
250	0.1536925	0.6890629	0.4781807	0.5941636	0.2967309
300	0.1918352	0.7653146	0.5640014	0.6494043	0.3566565
350	0.2196218	0.7575395	0.5650211	0.7069560	0.4456042
400	0.1582852	0.6259898	0.4920750	0.7340622	0.2686079
450	0.1654149	0.7563528	0.5090945	0.6162166	0.3446160
500	0.1555477	0.7772739	0.4561490	0.6453046	0.4112509
550	0.1577950	0.6081947	0.5285499	0.7593214	0.3457826
600	0.2449115	0.5559315	0.5358752	0.6429176	0.3569094
650	0.1622766	0.5762185	0.5227492	0.5074466	0.4176333
700	0.1220678	0.6321741	0.4940337	0.6498173	0.3802024
750	0.2188958	0.7011659	0.5256193	0.5794401	0.3923616
800	0.1741044	0.6740866	0.4505537	0.6895760	0.3450708
850	0.1712956	0.6816868	0.4248981	0.7499914	0.3962313
900	0.1966879	0.8502105	0.4245404	0.6680989	0.4417104
950	0.1208710	0.6076801	0.5853338	0.7090617	0.2877891
1000	0.2092385	0.8885364	0.6134725	0.6759029	0.4183108

0	0.1927427	0.6659352	0.4468519	0.5746861	0.3476443
50	0.1904984	0.7874924	0.5012829	0.6760239	0.6332060
100	0.1739769	0.6889952	0.4659876	0.6590713	0.7172194
150	0.1370922	0.6109829	0.4795929	0.6620189	0.6853198
200	0.1678017	0.7988430	0.4234644	0.7845352	0.6195577
250	0.1237977	0.7648170	0.6462743	0.6357716	0.6465071
300	0.1878849	0.6464839	0.5905862	0.7807469	0.6733883
350	0.1614062	0.6934327	0.4491586	0.6731779	0.6016978
400	0.1330759	0.5556156	0.4996689	0.7263245	0.6960504
450	0.1583990	0.6893823	0.6349932	0.6253580	0.6666549
500	0.1908007	0.7420362	0.4441618	0.6148667	0.6977989
550	0.1402466	0.7126724	0.5257631	0.5743325	0.4667655
600	0.1422940	0.6174422	0.3943361	0.6413282	0.4334741
650	0.1655635	0.5950002	0.4975092	0.8059860	0.3597880
700	0.2106363	0.6335739	0.4644450	0.6351366	0.3937248
750	0.1446450	0.6667359	0.4689703	0.6285467	0.4725393
800	0.1368308	0.8096253	0.3978713	0.6370683	0.2977233
850	0.1634812	0.6458558	0.4215504	0.6187556	0.3710208
900	0.1814720	0.7452124	0.5178456	0.6892487	0.4395016
950	0.1954452	0.6611307	0.5188863	0.5213904	0.3693336
1000	0.1497281	0.7523635	0.5978886	0.6489729	0.3625493

0	0.1806817	0.6953351	0.5999582	0.6262599	0.4236580
50	0.1988537	0.6399470	0.6351788	0.6907433	0.6503355
100	0.1993587	0.6996374	0.4704356	0.7452117	0.7120252
150	0.1313088	0.7891646	0.5519431	0.7587360	0.6843485
200	0.1200518	0.6827043	0.4157346	0.7331272	0.7160612
250	0.2153191	0.7296161	0.4490968	0.6216875	0.5611878
300	0.1535268	0.6971307	0.5016366	0.5864714	0.7100748
350	0.1466456	0.6874578	0.5631019	0.6362240	0.7219266
400	0.1771743	0.6797552	0.4156921	0.6134052	0.6516079
450	0.1498841	0.8315318	0.6335396	0.7348835	0.8295449
500	0.2061512	0.6224746	0.5586718	0.5624570	0.6547725
550	0.1521358	0.6136932	0.5158504	0.5646855	0.4103773
600	0.1795125	0.5582530	0.4870038	0.6102693	0.4081111
650	0.1666501	0.7036499	0.4089244	0.8130081	0.4465450
700	0.1559390	0.6871300	0.6176876	0.6003621	0.3597453
750	0.1757905	0.6975398	0.4621046	0.6772347	0.4315255
800	0.1444454	0.5319215	0.5275317	0.6352907	0.4067470
850	0.1657275	0.7408798	0.5683318	0.7392047	0.3308086
900	0.1870289	0.7167939	0.5138839	0.5735235	0.4152705
950	0.1948592	0.6663732	0.5554345	0.7152375	0.3811998
1000	0.1383391	0.7438222	0.4919364	0.6579827	0.3018717

0	0.1652399	0.6237134	0.4829657	0.5525288	0.5203160
50	0.1349588	0.6839025	0.6674481	0.7331724	0.4161818
100	0.2505300	0.7364396	0.4873734	0.6859352	0.5051406
150	0.1495220	0.5954272	0.6293795	0.6237318	0.4461081
200	0.2167264	0.6942922	0.6510279	0.7722452	0.3479199
250	0.1321991	0.7409515	0.5435225	0.6204660	0.3421424
300	0.1328193	0.6390838	0.7258522	0.7279484	0.4432922
350	0.1604491	0.7145712	0.5329394	0.6728283	0.3221802
400	0.1715923	0.5730282	0.4948706	0.6224717	0.4893686
450	0.1826333	0.6513037	0.6616675	0.6548844	0.3541885
500	0.1870034	0.6837938	0.6488145	0.7332315	0.4434546
550	0.1907906	0.7625663	0.4885458	0.6753399	0.4268164
600	0.1519375	0.7232500	0.5717567	0.5948785	0.4043782
650	0.1843478	0.6934602	0.4692816	0.6322967	0.4174361
700	0.1535958	0.6828168	0.5815186	0.6527864	0.3952251
750	0.1690005	0.6703615	0.5787907	0.6464395	0.3544934
800	0.1347108	0.6552521	0.4421311	0.5828635	0.3758494
850	0.1407691	0.6002937	0.5022397	0.6333197	0.3403144
900	0.1724106	0.6227436	0.5137185	0.7082669	0.3726447
950	0.1525270	0.6309351	0.4974512	0.5989252	0.4400438
1000	0.1316538	0.7532014	0.5216410	0.6629042	0.3214976

0	0.1694183	0.6051820	0.5953256	0.6470944	0.3438621
50	0.1589073	0.4717525	0.6237932	0.6897252	0.4237304
100	0.1819082	0.3077581	0.4023380	0.6644284	0.3807273
150	0.1655976	0.2837352	0.4450728	0.8828946	0.3779850
200	0.2141273	0.3559508	0.3996449	0.6905797	0.3443332
250	0.2952886	0.3568731	0.3271538	0.6895921	0.3484427
300	0.2329979	0.3408876	0.3928622	0.6642326	0.3478467
350	0.1545977	0.3720934	0.3227867	0.5382427	0.3431884
400	0.2014887	0.2944597	0.4224033	0.6499788	0.3388295
450	0.3145400	0.4016931	0.3703403	0.6684162	0.2119244
500	0.2018921	0.3490180	0.3798107	0.6826504	0.3148329
550	0.2376092	0.6539093	0.5276189	0.7525254	0.3390983
600	0.2350272	0.5029075	0.5244530	0.6062086	0.4142502
650	0.1643180	0.6505460	0.5200289	0.5939806	0.3346483
700	0.1514190	0.7224443	0.5330949	0.6318628	0.3568757
750	0.1329977	0.7484533	0.5405883	0.7335673	0.4943423
800	0.1541839	0.7084900	0.5699145	0.5541736	0.4465817
850	0.1575644	0.6902593	0.5221805	0.5137242	0.5035637
900	0.1212762	0.8900521	0.4605297	0.7144864	0.3961043
950	0.1480772	0.6734931	0.4960446	0.5424097	0.3764850
1000	0.1928484	0.7899152	0.5105187	0.6259499	0.4660863

0	0.1468924	0.6277245	0.4994557	0.5431545	0.3890300
50	0.1279400	0.7262589	0.4421379	0.5460202	0.3166120
100	0.0726627	0.7223103	0.6010573	0.6053922	0.3183697
150	0.0865593	0.6273408	0.5893590	0.6631866	0.4382561
200	0.0592338	0.7138621	0.5128658	0.6694286	0.3725135
250	0.0535944	0.6281711	0.4746286	0.6227817	0.4164124
300	0.1287302	0.6506035	0.6697110	0.8092354	0.3951220
350	0.0662891	0.8363949	0.6529152	0.5531156	0.4398579
400	0.0642493	0.6258643	0.6425589	0.7887521	0.3892151
450	0.0874880	0.6616122	0.6635357	0.6289603	0.4038047
500	0.0809930	0.7231812	0.4805207	0.6939516	0.3411682
550	0.2007298	0.6866763	0.5814657	0.5705648	0.4516416
600	0.1586146	0.7000317	0.5040545	0.4826373	0.2755627
650	0.2095260	0.6623990	0.6710680	0.6551402	0.3532504
700	0.1658575	0.6161331	0.4823155	0.6295027	0.3396820
750	0.1048107	0.7116281	0.6015893	0.6564753	0.4445442
800	0.1570952	0.5392292	0.4301620	0.6196830	0.3610423
850	0.1708169	0.6818818	0.5705115	0.6438063	0.3535727
900	0.1437071	0.7095336	0.4438529	0.7568215	0.3526033
950	0.1910197	0.8111721	0.5505978	0.5693014	0.3381816
1000	0.2530195	0.6190699	0.4726581	0.6588588	0.3375821

0	0.1931304	0.6414400	0.4895037	0.6871748	0.3825555
50	0.1615850	0.5516077	0.5239956	0.8197938	0.6750192
100	0.0893939	0.7189455	0.4795389	0.6576150	0.5488376
150	0.1626141	0.7934220	0.4834103	0.6191290	0.5925192
200	0.1196665	0.6946310	0.4785239	0.8052273	0.6462615
250	0.1249437	0.7363262	0.5765486	1.0000000	0.6958663
300	0.2064371	0.5418796	0.5004057	0.7033804	0.7286379
350	0.2388037	0.6285355	0.5710001	0.5928006	0.7043904
400	0.2157268	0.6057771	0.4768621	0.5457419	0.6151139
450	0.1605905	0.5990189	0.5686199	0.7103793	0.6182825
500	0.1499085	0.7014425	0.5499785	0.7856161	0.6516271
550	0.1257445	0.7344552	0.5180169	0.6186453	0.3971778
600	0.1779907	0.6438159	0.5634537	0.5906777	0.3598659
650	0.1903318	0.6346487	0.5026167	0.6008876	0.3352352
700	0.1971663	0.6715373	0.5612025	0.6435281	0.3644683
750	0.1378493	0.6620586	0.6003295	0.6733248	0.3818805
800	0.1601068	0.6636231	0.6034228	0.6894911	0.3714411
850	0.2388125	0.6718524	0.4542712	0.5735538	0.4468093
900	0.1651874	0.6831303	0.5747040	0.5014449	0.4093769
950	0.2157104	0.6422847	0.5040781	0.6572919	0.5005028
1000	0.2323643	0.7256951	0.5191886	0.6772834	0.2747996

0	0.2187734	0.6166778	0.4993517	0.7507536	0.2968144
50	0.1435318	0.6947017	0.4869215	0.5789573	0.3546887
100	0.1620505	0.6845638	0.4148862	0.6883917	0.3890313
150	0.1173160	0.7453652	0.4487074	0.5836122	0.3335192
200	0.1554525	0.6883217	0.5549057	0.7011655	0.3614472
250	0.1121395	0.6282233	0.4670599	0.8775232	0.4544175
300	0.1656818	0.6993966	0.4944881	0.7794519	0.4018771
350	0.1413348	0.6994700	0.4861610	0.6573899	0.4369671
400	0.1836827	0.7845780	0.6174788	0.5420916	0.3992143
450	0.1813897	0.5827598	0.6115645	0.6061555	0.4313374
500	0.2382854	0.7757989	0.5368516	0.6338835	0.2847692
550	0.1957016	0.7795260	0.4719093	0.6603661	0.4037253
600	0.1939907	0.6985836	0.4353917	0.6353207	0.3280650
650	0.2008537	0.7832475	0.5130171	0.6023903	0.3723105
700	0.2133388	0.7558680	0.5369851	0.5086395	0.2821006
750	0.1723705	0.7350997	0.4974573	0.6870090	0.3385503
800	0.1498126	0.6343468	0.4847879	0.5862835	0.3627879
850	0.1449546	0.8594362	0.5082510	0.6263114	0.2838734
900	0.2188893	0.6850977	0.5452464	0.6763904	0.3482764
950	0.1968736	0.7467001	0.5352338	0.5250278	0.4288934
1000	0.1928451	0.6651955	0.5497705	0.6608887	0.3716199
