"Time"	relE	relB	hokD	alaS	ilvN

0	0.0521738	0.7630397	0.0711658	0.6001789	0.6555499
50	0.0302366	0.7526582	0.0425436	0.6850544	0.6951052
100	0.0082108	0.8817484	0.0981497	0.5901049	0.7508969
150	0.0017777	0.6396719	0.0676112	0.7606117	0.7261153
200	0.0035645	0.5613726	0.1155841	0.8385893	0.7601972
250	0.0023731	0.7281991	0.2568749	0.5962148	0.8277182
300	0.0007448	0.7817568	0.2112268	0.7424330	0.7588120
350	0.0046113	0.6268344	0.2682119	0.6071399	0.8119863
400	0.0059438	0.6555403	0.2227664	0.7043936	0.6986453
450	0.0098232	0.6571451	0.2539388	0.6893183	0.6757854
500	0.0012319	0.7047583	0.2446535	0.7358620	0.8202427
550	0.0644162	0.7504724	0.1591728	0.7196803	0.6702082
600	0.0573980	0.6904967	0.0762275	0.6944951	0.6847430
650	0.0461237	0.6477838	0.0865271	0.6996088	0.6621652
700	0.0730524	0.6483322	0.0761174	0.6545653	0.8470509
750	0.0845459	0.7025407	0.0915744	0.6360775	0.7122516
800	0.1026279	0.6616823	0.0437590	0.8463774	0.6289573
850	0.0839081	0.6426127	0.0482447	0.5879081	0.6561238
900	0.0509341	0.8113217	0.0703008	0.6914926	0.7913692
950	0.0582007	0.7134198	0.0657020	0.7185677	0.7522981
1000	0.0795504	0.7093408	0.1153842	0.8656879	0.6036040

0	0.0734003	0.7822565	0.0653978	0.8184286	0.5709203
50	0.0765271	0.6533886	0.0540467	0.7097004	0.6993012
100	0.0448571	0.7783553	0.1020635	0.7366522	0.6191135
150	0.0663350	0.6564587	0.0608375	0.6409596	0.8269543
200	0.0471132	0.6090670	0.0871675	0.7946559	0.6636108
250	0.0576501	0.6834414	0.0744636	0.6447938	0.7192030
300	0.0644414	0.7000938	0.0841421	0.6209036	0.6408781
350	0.0552947	0.7494755	0.0708389	0.8100058	0.7274773
400	0.0660329	0.7789434	0.0909351	0.7984726	0.6216959
450	0.0792691	0.6418126	0.1075146	0.7576323	0.6966937
500	0.0460871	0.6385573	0.1377184	0.6402825	0.7044258
550	0.0414300	0.7423993	0.0674620	0.8026951	0.6455707
600	0.1083407	0.6347345	0.0847005	0.6553335	0.7950112
650	0.0559600	0.6510456	0.0687328	0.6203093	0.6525430
700	0.0544590	0.6989183	0.0930683	0.7538006	0.7416130
750	0.0790202	0.8227725	0.0406394	0.8314261	0.7684323
800	0.0443173	0.6982999	0.0639715	0.7659530	0.6612313
850	0.0247416	0.6786145	0.0723485	0.8147239	0.7907135
900	0.0386308	0.5675046	0.0795854	0.7129067	0.6951745
950	0.0460316	0.6402348	0.0820873	0.6989968	0.6924799
1000	0.0718737	0.6874732	0.1124962	0.6820754	0.7016062

0	0.0839776	0.6608803	0.1087035	0.7600866	0.6581969
50	0.0651590	0.6046372	0.0315800	0.7605871	0.7987022
100	0.0698177	0.7333877	0.0184587	0.5271501	0.7032661
150	0.0734115	0.5752065	0.0229526	0.5997894	0.5634472
200	0.0396049	0.6408201	0.0252677	0.6901983	0.7299188
250	0.0604204	0.5911582	0.0021804	0.7655974	0.7276348
300	0.0610372	0.7629446	0.0084459	0.7773969	0.7550849
350	0.0271356	0.7422531	0.0230299	0.6693082	0.8508101
400	0.0306132	0.6981275	0.0193025	0.6655088	0.7878400
450	0.0503119	0.6809276	0.0282938	0.6532338	0.6793292
500	0.0325856	0.6264795	0.0260088	0.6731149	0.7674498
550	0.0662961	0.5563698	0.0865735	0.5778503	0.6783311
600	0.0831237	0.6538653	0.1027663	0.7584832	0.6356780
650	0.0715088	0.6876879	0.1055697	0.7403476	0.6952350
700	0.0762844	0.8680725	0.0556427	0.5961222	0.7452152
750	0.0783243	0.7014946	0.0589045	0.7585610	0.6634082
800	0.0831189	0.7021711	0.0737366	0.7239970	0.6809081
850	0.0388790	0.7370682	0.0735967	0.7083303	0.8826693
900	0.1016402	0.6477665	0.0830926	0.7496312	0.9377967
950	0.0598975	0.6429538	0.0693457	0.6698419	0.7753178
1000	0.0634554	0.6614068	0.0737043	0.7545110	0.7624349

0	0.1265030	0.7306465	0.0770941	0.7463350	0.5946179
50	0.0504817	0.6574821	0.0943473	0.7720989	0.3207434
100	0.0585967	0.5979035	0.0947708	0.7467515	0.0950722
150	0.0866296	0.5549782	0.0937469	0.8490127	0.0308646
200	0.0770563	0.7912252	0.0679988	0.7691260	0.0630437
250	0.0948317	0.5677275	0.0505335	0.7244317	0.0308746
300	0.0945864	0.6109810	0.0977901	0.6406737	0.0331499
350	0.0758491	0.6837164	0.0745639	0.6419503	0.0185382
400	0.0995957	0.5516807	0.1041103	0.8547328	0.0522341
450	0.0666797	0.5045285	0.0549857	0.6290896	0.0323561
500	0.0292112	0.6186959	0.1116442	0.5902069	0.0280178
550	0.0634803	0.6475484	0.1376001	0.6937879	0.5316963
600	0.0608457	0.6722516	0.0737524	0.8441807	0.6533494
650	0.0804285	0.6341750	0.0608038	0.7375860	0.7002831
700	0.0446628	0.8520156	0.0592189	0.6690187	0.6879551
750	0.0650801	0.6760731	0.0622665	0.6988221	0.6926197
800	0.1194911	0.7577897	0.0792635	0.7060996	0.6193650
850	0.0742339	0.7410007	0.0841440	0.6403837	0.6283056
900	0.0679527	0.8318226	0.0698795	0.7642263	0.7412803
950	0.0996129	0.6923631	0.0506847	0.8710229	0.5639257
1000	0.0671189	0.8327955	0.0667819	0.6589302	0.7521152

0	0.0340779	0.7465574	0.0617420	0.7244424	0.7078757
50	0.0698192	0.5199650	0.0660926	0.3599679	0.4114042
100	0.0601318	0.3338616	0.1145450	0.3004494	0.4645615
150	0.0982587	0.2812972	0.2639828	0.3359964	0.3340463
200	0.0715932	0.1720492	0.3913715	0.3973778	0.3176359
250	0.1226135	0.3025962	0.3245239	0.2887837	0.3812429
300	0.1035306	0.2747946	0.2637095	0.3378735	0.4050063
350	0.0525365	0.2886651	0.3030136	0.2517174	0.3249999
400	0.0892170	0.2873092	0.4141268	0.3177751	0.2841230
450	0.0574360	0.3457298	0.3718666	0.2277850	0.3239028
500	0.0710666	0.2300563	0.4912147	0.4040831	0.3364124
550	0.0958611	0.5864277	0.2559367	0.5346789	0.5106385
600	0.0431793	0.8038643	0.1075934	0.7951660	0.6180702
650	0.0413789	0.7624624	0.0797945	0.5819238	0.7044703
700	0.0935753	0.6916813	0.1080126	0.6236294	0.7690593
750	0.0596497	0.7380795	0.0631085	0.8654732	0.7500944
800	0.0816922	0.6959169	0.1006703	0.6621139	0.7927592
850	0.0787959	0.6015914	0.1026326	0.6548705	0.6568440
900	0.0765906	0.7140548	0.1389945	0.7230123	0.8490384
950	0.0760154	0.6894071	0.0696971	0.7425758	0.8003182
1000	0.0999486	0.7852808	0.0683225	0.7323727	0.6517016

0	0.0971063	0.7154020	0.0516277	0.6505102	0.6554441
50	0.0166263	0.4362704	0.0885450	0.3427425	0.6309060
100	0.0090825	0.3344722	0.2498136	0.3599659	0.7092608
150	0.0025363	0.2107531	0.4951075	0.4211234	0.7275399
200	0.0041506	0.2119047	0.5731558	0.3856512	0.7236529
250	0.0063821	0.2779846	0.6236070	0.3046388	0.7248702
300	0.0047952	0.2536713	0.6171807	0.2808402	0.7303295
350	0.0058163	0.2309854	0.7472148	0.4359104	0.7487583
400	0.0014492	0.2226677	0.7535923	0.3543021	0.6620825
450	0.0011159	0.2464166	0.6984398	0.3869202	0.7697164
500	0.0048325	0.2556526	0.6115428	0.4138636	0.7656264
550	0.0343700	0.5710733	0.5403780	0.6061784	0.6836868
600	0.0832823	0.6330332	0.2517025	0.7110666	0.6337725
650	0.0610829	0.7134387	0.1646815	0.7214371	0.6377114
700	0.0355641	0.5618537	0.1373654	0.7731938	0.7504303
750	0.0614965	0.6737779	0.1022376	0.8932629	0.6819402
800	0.0912411	0.8013081	0.0913883	0.7217511	0.7459599
850	0.0493317	0.7397403	0.1227612	0.7134990	0.7529326
900	0.0581439	0.5734504	0.0622822	0.7924357	0.7582921
950	0.0631608	0.7238973	0.0751942	0.7386416	0.7042928
1000	0.0839235	0.7014654	0.0564401	0.7811113	0.7753557

0	0.1027625	0.7494022	0.1169571	0.7125360	0.6521864
50	0.0177544	0.6358442	0.0668116	0.7270834	0.8428820
100	0.0078124	0.8313032	0.1085316	0.6751612	0.6447140
150	0.0015414	0.6665765	0.1357382	0.7899243	0.6159393
200	0.0043231	0.7293848	0.2810310	0.7130935	0.5436002
250	0.0003301	0.6346935	0.3903608	0.7001277	0.5986966
300	0.0012844	0.6856568	0.4376946	0.5959246	0.5878849
350	0.0000608	0.6911258	0.4135853	0.6735686	0.6551644
400	0.0001463	0.6670165	0.4546497	0.6139562	0.5775857
450	0.0064107	0.5836490	0.4580270	0.6583143	0.5883461
500	0.0053372	0.7475798	0.6046462	0.6950219	0.4595568
550	0.0662450	0.6832231	0.2955858	0.6602585	0.8266880
600	0.0470484	0.7279718	0.1495196	0.6414367	0.6779273
650	0.0627513	0.7089684	0.0652365	0.6856745	0.6987914
700	0.0797750	0.6366886	0.0977658	0.6364972	0.6411010
750	0.0807456	0.6279117	0.1003316	0.7504509	0.6333985
800	0.0877512	0.7612443	0.0724238	0.6588994	0.6377743
850	0.1017506	0.6289484	0.0767584	0.6252822	0.6174018
900	0.0743470	0.7346887	0.0705410	0.6612325	0.8209319
950	0.0481318	0.6753137	0.1213829	0.7322527	0.7200689
1000	0.0778797	0.6064457	0.0626554	0.6749702	0.7682708

0	0.0717472	0.7438813	0.0952587	0.8005779	0.6970815
50	0.0604241	0.5497540	0.0518960	0.6846731	0.7136308
100	0.0638708	0.6646590	0.0792742	0.7542990	0.6868850
150	0.0788657	0.7009849	0.0742035	0.8233784	0.6768145
200	0.0447932	0.4743828	0.1097912	0.7491598	0.8087459
250	0.0732950	0.6419870	0.1383409	0.7166338	0.6228713
300	0.0647854	0.4942020	0.0922991	0.8831767	0.8095172
350	0.0723821	0.5475616	0.1145934	0.7439144	0.7096581
400	0.0687787	0.4554003	0.0870780	0.6533634	0.7092430
450	0.0674334	0.5657961	0.0822693	0.7447634	0.6371608
500	0.0747865	0.5387860	0.1527551	0.7106812	0.6282519
550	0.0679465	0.6746219	0.1202202	0.8098961	0.7052935
600	0.0923595	0.7378129	0.0530371	0.7647059	0.8328422
650	0.1064881	0.6427789	0.0646402	0.6984408	0.7213191
700	0.0571123	0.6919665	0.0627727	0.6868643	0.6357555
750	0.0703724	0.6931907	0.1144662	0.7364719	0.6623995
800	0.0498827	0.7839048	0.0616243	0.6635702	0.7989733
850	0.0778075	0.6661553	0.0631216	0.8432112	0.6742570
900	0.0820554	0.6719532	0.0539202	0.6556144	0.8310568
950	0.0802496	0.6223545	0.0727540	0.6766906	1.0000000
1000	0.0937082	0.7799735	0.0660354	0.8330593	0.6491075

0	0.0827593	0.7880238	0.0873691	0.6817364	0.6602577
50	0.0896212	0.3015095	0.1319202	0.2364532	0.3124249
100	0.0446839	0.1793699	0.3009393	0.1696798	0.1713110
150	0.0929357	0.1816432	0.3795917	0.1645541	0.0931296
200	0.0890425	0.0866347	0.4570811	0.1759198	0.1684593
250	0.1830822	0.1808669	0.5472214	0.1975198	0.1600609
300	0.0735091	0.2184759	0.6131295	0.1559235	0.1605227
350	0.1307176	0.1320629	0.6413386	0.1853638	0.1689759
400	0.0947966	0.1220562	0.6743805	0.1350584	0.1588932
450	0.1184134	0.1155361	0.5908510	0.1976687	0.2012943
500	0.1388290	0.1361010	0.7445629	0.2110656	0.1982657
550	0.0995895	0.7317905	0.3924739	0.5123273	0.5565486
600	0.0871359	0.7827560	0.2459199	0.5858696	0.6147274
650	0.0579163	0.6216108	0.1031945	0.7133934	0.8653621
700	0.0952280	0.6267767	0.0598028	0.7402335	0.7312898
750	0.0888567	0.7190747	0.0733039	0.5997871	0.7358890
800	0.0577367	0.6785241	0.0835495	0.6941305	0.6425736
850	0.0781117	0.8066430	0.0900544	0.6737775	0.7766034
900	0.0505361	0.7634728	0.0556845	0.6296494	0.7183389
950	0.0601296	0.7379729	0.0976466	0.7098001	0.7503517
1000	0.1248637	0.7057184	0.0598720	0.7470978	0.6156145

0	0.0785598	0.7148893	0.0708785	0.7717861	0.6399443
50	0.0358954	0.4653465	0.0644557	0.7758739	0.6702316
100	0.0025576	0.3660274	0.1384424	0.8057001	0.7477725
150	0.0018210	0.3871601	0.2974429	0.6616790	0.6807581
200	0.0010188	0.3646519	0.5348959	0.7089962	0.8189595
250	0.0002474	0.4195611	0.8112400	0.6856433	0.7122435
300	0.0035103	0.4232738	0.5323583	0.8019356	0.7564000
350	0.0041874	0.3653314	0.6066200	0.8177270	0.8600672
400	0.0035866	0.4143162	0.7374681	0.8103198	0.6394793
450	0.0020784	0.3555330	0.5311567	0.6730986	0.7145502
500	0.0054988	0.3461868	0.6572747	0.7086719	0.7442815
550	0.0535256	0.6531676	0.4691878	0.7105036	0.7953682
600	0.0708768	0.6788610	0.3096489	0.6986951	0.6485059
650	0.0826308	0.5945078	0.0940405	0.7907746	0.7524258
700	0.0322704	0.5965720	0.0657003	0.7376056	0.6877623
750	0.0505137	0.7593261	0.0699634	0.7810911	0.7181530
800	0.0652243	0.7304565	0.1324046	0.9575707	0.6268129
850	0.0788483	0.7127296	0.0743025	0.7041327	0.7126223
900	0.0575475	0.8160372	0.0525784	0.7376016	0.6753275
950	0.0650467	0.7215042	0.0949619	0.6659513	0.7677469
1000	0.0625042	0.8101447	0.1166940	0.6565526	0.6930095

0	0.0989655	0.8599036	0.0771409	0.7787016	0.7230972
50	0.0738243	0.2258915	0.0670145	0.7708502	0.6795454
100	0.0699921	0.2017652	0.1943435	0.7501950	0.7379302
150	0.0982797	0.1497970	0.4165494	0.7774393	0.6222706
200	0.0928676	0.2058021	0.6624743	0.7258457	0.6088785
250	0.0686407	0.0886997	0.7251569	0.7285988	0.7064443
300	0.0928810	0.1486905	0.5372981	0.6159987	0.7156123
350	0.1290850	0.1005708	0.5860031	0.6801772	0.8177788
400	0.0726186	0.1736708	0.6037483	0.7124942	0.8485539
450	0.0820767	0.1450975	0.5427874	0.6445233	0.6767238
500	0.1103198	0.1714036	0.6526092	0.7764472	0.8391983
550	0.1430339	0.6639522	0.4119330	0.7258932	0.5870002
600	0.0927661	0.5519773	0.1859443	0.7288307	0.7496189
650	0.0842053	0.8121460	0.1376990	0.6625339	0.6469658
700	0.0829710	0.8304720	0.0789105	0.6364148	0.5862294
750	0.1036566	0.6815413	0.0883357	0.6110957	0.7215095
800	0.0587586	0.6049801	0.1412429	0.8317283	0.7642415
850	0.0787222	0.6741922	0.0786854	0.6495579	0.7620570
900	0.0608815	0.7133123	0.0706039	0.8433133	0.6175506
950	0.0739321	0.7500586	0.0442656	0.7158269	0.6804279
1000	0.0735454	0.7015388	0.0737534	0.7321888	0.7458404

0	0.0764914	0.6886233	0.0546531	0.7252264	0.7262413
50	0.0449664	0.6979716	0.0399877	0.5737641	0.3796011
100	0.0316211	0.6269141	0.0107469	0.6976152	0.1166333
150	0.0338186	0.8052363	0.0247126	0.5890753	0.1650874
200	0.0384332	0.6451613	0.0115402	0.5896485	0.0767738
250	0.0259206	0.7919205	0.0101764	0.7040417	0.0867798
300	0.0588127	0.7042288	0.0184556	0.6567408	0.0957914
350	0.0339200	0.7756789	0.0129267	0.6176488	0.1521797
400	0.0230324	0.7532884	0.0111091	0.6983151	0.0970775
450	0.0497837	0.7168888	0.0204467	0.4810733	0.0812068
500	0.0382807	0.7746178	0.0181681	0.6717197	0.0735767
550	0.0754481	0.7054747	0.0808110	0.6415986	0.4965284
600	0.0517163	0.7458529	0.0635185	0.7332733	0.6521709
650	0.0934703	0.7194813	0.1142845	0.6668770	0.7106914
700	0.0528788	0.6502347	0.0864825	0.6666554	0.6694959
750	0.0544391	0.8569764	0.0881446	0.7633051	0.7112493
800	0.0822597	0.7090680	0.0726508	0.6916559	0.5915749
850	0.0653984	0.7458566	0.1350551	0.8516066	0.7263457
900	0.0539649	0.6405461	0.0696284	0.6830702	0.7113623
950	0.0579236	0.6670556	0.0587455	0.6594431	0.5593149
1000	0.0714188	0.6348547	0.0719136	0.6965840	0.8214884

0	0.0587320	0.6928833	0.0921200	0.7583743	0.6680165
50	0.0149572	0.7591034	0.1088419	0.1221625	0.7451884
100	0.0008800	0.7246399	0.1074489	0.0491257	0.7141086
150	0.0010826	0.7650533	0.2141751	0.0891943	0.7849460
200	0.0013108	0.7844665	0.2600633	0.0795798	0.7163628
250	0.0008934	0.6428167	0.2757235	0.0546683	0.7185117
300	0.0001241	0.7107034	0.2971473	0.0850421	0.6860413
350	0.0000222	0.5681246	0.5552741	0.0628124	0.6366250
400	0.0032262	0.7317797	0.7483411	0.0451348	0.6300914
450	0.0025556	0.7907008	0.4684774	0.0529628	0.6848606
500	0.0003978	0.7201916	0.5523513	0.0800394	0.6972179
550	0.0312187	0.5822609	0.2219242	0.6431967	0.6901086
600	0.0606055	0.6953105	0.1219203	0.7132223	0.7404949
650	0.0882104	0.8448585	0.0602417	0.7116523	0.8241481
700	0.0483108	0.6533027	0.0941332	0.5949995	0.8309106
750	0.0765915	0.6843765	0.0674371	0.6992876	0.7576902
800	0.0665935	0.6700092	0.1264883	0.9268978	0.6736471
850	0.0643039	0.6098182	0.0924955	0.7529903	0.6886575
900	0.0535960	0.6199187	0.0783711	0.7865576	0.5642440
950	0.0569428	0.7209224	0.0767340	0.8145992	0.6850587
1000	0.0352280	0.7317891	0.1127433	0.6476248	0.6170518

0	0.0869699	0.6882651	0.0762580	0.8078977	0.6307744
50	0.1230156	0.7073364	0.0604955	0.6218982	0.6026853
100	0.0656242	0.6559429	0.0475465	0.7124447	0.6984761
150	0.0573263	0.7082955	0.0572924	0.6363970	0.7669583
200	0.0534726	0.7351008	0.0540860	0.7402532	0.6700716
250	0.0674845	0.8168160	0.0481399	0.7075347	0.5423617
300	0.0557960	0.6752703	0.0595483	0.7171919	0.7339285
350	0.0472039	0.7523493	0.0838466	0.7313366	0.6771547
400	0.0482559	0.7170411	0.0824780	0.6368305	0.6654899
450	0.0658714	0.6779043	0.0462975	0.7850234	0.6887232
500	0.0889125	0.6808957	0.0613892	0.6527795	0.6713269
550	0.0974625	0.6434641	0.0984999	0.7182989	0.7097250
600	0.0209996	0.7994349	0.0841271	0.8009984	0.6830298
650	0.0823184	0.6586212	0.0770843	0.6539269	0.7163966
700	0.0644408	0.7315430	0.0750485	0.7398738	0.7679634
750	0.0656732	0.6788716	0.0659721	0.5978483	0.7084736
800	0.0504403	0.6071187	0.0585065	0.7186721	0.7471563
850	0.0823355	0.7291048	0.0668061	0.8166631	0.6472392
900	0.0625625	0.8579051	0.0436763	0.6502420	0.7150573
950	0.1056498	0.5975806	0.0569709	0.7020864	0.8219380
1000	0.1020505	0.8066480	0.0498085	0.7241146	0.7759778

0	0.0593518	0.6548582	0.0868431	0.7660058	0.6758005
50	0.0694421	0.6723415	0.0844499	0.7374380	0.3894736
100	0.1197917	0.6768731	0.0533575	0.7868183	0.2926431
150	0.0514408	0.7998516	0.0960288	0.6665004	0.2781915
200	0.0477908	0.7708058	0.0593130	0.8241087	0.1963467
250	0.0456529	0.8211839	0.0578942	0.6706232	0.1298502
300	0.0839822	0.6801106	0.1246743	0.7557625	0.2025685
350	0.0331094	0.6847034	0.0515680	0.7713499	0.2525611
400	0.0607973	0.6630864	0.1063834	0.7680843	0.1760537
450	0.0660417	0.6920992	0.0589555	0.5887761	0.2245230
500	0.0610223	0.7157452	0.0858207	0.7474289	0.1761017
550	0.0477667	0.7669015	0.0934031	0.7896525	0.5265054
600	0.0571009	0.7397050	0.0818403	0.7220046	0.5393025
650	0.0551326	0.7615969	0.0831587	0.7761527	0.6434746
700	0.0719858	0.6969172	0.1242211	0.5976421	0.5467811
750	0.0727129	0.6556398	0.0578054	0.7340794	0.7537589
800	0.0650544	0.8929323	0.0740974	0.7006091	0.7888083
850	0.0809088	0.7277131	0.0700663	0.6861866	0.7725980
900	0.0462343	0.6549602	0.0891258	0.7959150	0.7597870
950	0.0658744	0.7993903	0.0610849	0.7497204	0.6993575
1000	0.0438644	0.7156870	0.0854079	0.6948969	0.6507464

0	0.0838020	0.5898086	0.0753790	0.7919272	0.6656295
50	0.0708995	0.6898703	0.0202423	0.3903366	0.7095913
100	0.0534127	0.7217418	0.0044150	0.4496724	0.7496872
150	0.0449305	0.7793448	0.0006260	0.4641170	0.7081498
200	0.0810102	0.6254200	0.0011551	0.4954333	0.7139407
250	0.0294923	0.8426745	0.0011958	0.4658037	0.8033246
300	0.0472714	0.7426567	0.0064033	0.4504006	0.7312198
350	0.0474578	0.6816522	0.0006502	0.3942366	0.8228051
400	0.0582332	0.7418918	0.0008699	0.4173705	0.8348081
450	0.0635813	0.7890920	0.0000000	0.4126971	0.5664254
500	0.0555569	0.7197196	0.0012078	0.4427848	0.8004406
550	0.0594123	0.6248075	0.0612520	0.5383244	0.6675300
600	0.0880310	0.8143088	0.0821675	0.6829425	0.6530688
650	0.0454693	0.6208447	0.0696416	0.6468954	0.6807407
700	0.0455449	0.7184717	0.0520432	0.7630161	0.6858890
750	0.0485817	0.7785927	0.1075126	0.7710915	0.6123765
800	0.0556520	0.7461472	0.0617709	0.6562758	0.6442169
850	0.0352125	0.6463338	0.0735266	0.5885664	0.6568130
900	0.0703826	0.8059012	0.0839449	0.6358797	0.6510413
950	0.1233367	0.8635839	0.0804562	0.6358267	0.8296931
1000	0.1135622	0.8277745	0.0592734	0.6815844	0.6659854

0	0.0900519	0.6353780	0.0821128	0.7557487	0.5631252
50	0.0632325	0.6722661	0.1093039	0.2760265	0.8058949
100	0.0824989	0.6991569	0.1168830	0.2250881	0.7945025
150	0.0501520	0.7105984	0.1250697	0.1483458	0.7531818
200	0.0525385	0.7036233	0.0642265	0.1832082	0.7621411
250	0.0550308	0.7671092	0.0658595	0.1982224	0.7335092
300	0.0469583	0.6216689	0.0795491	0.1268898	0.7290399
350	0.1033336	0.6968012	0.0962243	0.1483893	0.6374957
400	0.1061100	0.6713964	0.1067841	0.1516518	0.6385824
450	0.1316756	0.7029433	0.1032919	0.2270221	0.5402431
500	0.0958961	0.7145124	0.0497203	0.1169348	0.6874219
550	0.0564968	0.8103397	0.0399763	0.6207170	0.7403358
600	0.0870945	0.7693282	0.0600671	0.6990134	0.5840816
650	0.0588575	0.6728816	0.1045741	0.7586799	0.6758483
700	0.1253348	0.6705711	0.0455364	0.6672812	0.4878818
750	0.0589330	0.7477915	0.0686041	0.5946514	0.7343812
800	0.0364619	0.6918042	0.0565007	0.7874025	0.7553217
850	0.0427727	0.7314232	0.0601926	0.6045655	0.8251758
900	0.0489684	0.5824497	0.1535888	0.5926974	0.6887361
950	0.0603932	0.7589981	0.0771534	0.6351677	0.7372549
1000	0.1141090	0.6285716	0.0872246	0.7155835	0.6985267

0	0.0724875	0.7380194	0.0550933	0.6725006	0.5863280
50	0.0635070	0.7615379	0.1315498	0.6998524	0.5027517
100	0.1175714	0.6568167	0.0918564	0.6362724	0.3048598
150	0.0695152	0.5691526	0.1355300	0.8092855	0.2837557
200	0.0507240	0.6419189	0.1278953	0.7185318	0.4235489
250	0.0564208	0.6974745	0.0559259	0.8201401	0.3174149
300	0.0749902	0.7519755	0.0893523	0.7224367	0.3784914
350	0.0947008	0.7766668	0.0678312	0.6963631	0.2993948
400	0.0916258	0.7461417	0.0777595	0.7382199	0.3055363
450	0.1000231	0.9117420	0.0675679	0.7159365	0.3493155
500	0.0978378	0.6991868	0.1005524	0.8722737	0.3036473
550	0.0738957	0.7896007	0.1109028	0.7210011	0.5496786
600	0.0856229	0.7086149	0.0622957	0.6655049	0.6298531
650	0.0566186	0.6430783	0.0768959	0.7483389	0.8047843
700	0.0454206	0.8801673	0.0765909	0.5878313	0.7265112
750	0.0635794	0.8304778	0.0609577	0.7170344	0.8029820
800	0.0803445	0.6638728	0.0823840	0.7052577	0.6528972
850	0.0537038	0.7151605	0.0696671	0.7217389	0.6662007
900	0.0592248	0.6620832	0.0508220	0.6909253	0.7647220
950	0.0339962	0.7344605	0.0809954	0.6709657	0.6895240
1000	0.0485745	0.6854033	0.0913965	0.7487611	0.6318983

0	0.1291036	0.6427867	0.0629442	0.6662986	0.6435564
50	0.0708357	0.7042667	0.0145056	0.5205432	0.6278700
100	0.0731384	0.6248405	0.0088868	0.5071832	0.6768821
150	0.0504184	0.7092803	0.0029042	0.5451620	0.7595096
200	0.0408197	0.7970562	0.0074426	0.4915009	0.6970540
250	0.0524091	0.7229585	0.0036910	0.5418497	0.6565277
300	0.0755045	0.7145630	0.0077240	0.3334523	0.6837312
350	0.0455228	0.7857187	0.0025043	0.4961658	0.7395348
400	0.0653726	0.6778806	0.0102211	0.5162000	0.7542023
450	0.0781971	0.8209525	0.0114916	0.4925145	0.6273020
500	0.0620191	0.6406897	0.0041496	0.5001808	0.6034319
550	0.0692109	0.6106804	0.0469423	0.6227167	0.6010225
600	0.0592724	0.6912099	0.0900844	0.7275355	0.7599877
650	0.0963239	0.6121589	0.0996448	0.6417993	0.6235362
700	0.0604450	0.7599218	0.0683084	0.6307184	0.7430837
750	0.0635020	0.7458477	0.1016830	0.7037907	0.6873218
800	0.1063923	0.7129975	0.0724162	0.6818770	0.7829685
850	0.0492813	0.6651318	0.0898667	0.6963127	0.8719699
900	0.0732951	0.6544845	0.0474316	0.7147638	0.7149552
950	0.0470963	0.7104450	0.1158821	0.7931744	0.8109192
1000	0.0456029	0.8282812	0.0713791	0.6948293	0.6943192

0	0.0458850	0.7394641	0.0959421	0.7546897	0.6495097
50	0.0326187	0.6679761	0.0648899	0.8085190	0.6287363
100	0.0076825	0.6677271	0.1016341	0.7101551	0.6837148
150	0.0220790	0.7196912	0.1336227	0.7054493	0.6557158
200	0.0023249	0.7126753	0.1551361	0.7735745	0.6847346
250	0.0000000	0.8881799	0.1814145	0.6560682	0.7199580
300	0.0005721	0.5865815	0.5044357	0.6682667	0.7760871
350	0.0021660	0.7265725	0.6334684	0.6180882	0.8361097
400	0.0093627	0.7530058	0.5371734	0.6865080	0.7127278
450	0.0005469	0.7998521	0.4462172	0.8110180	0.6340661
500	0.0008281	0.7272280	0.5226352	0.7359576	0.8200170
550	0.0575123	0.7796322	0.2383616	0.7602759	0.6808719
600	0.0486801	0.7081910	0.1604313	0.7268041	0.7299221
650	0.0796005	0.7290483	0.0758207	0.8509929	0.5656148
700	0.0750351	0.7105246	0.0556273	0.6897407	0.8368523
750	0.0711130	0.6993355	0.0664338	0.6677561	0.7581249
800	0.0494765	0.5796411	0.0743451	0.7159129	0.6788181
850	0.0817394	0.7267377	0.1213306	0.6252721	0.7477060
900	0.0722728	0.7303959	0.0802693	0.6952475	0.6806274
950	0.0608690	0.7583335	0.0448020	0.6095164	0.6075541
1000	0.0424857	0.7161626	0.0617274	0.6348996	0.6244319

0	0.0917443	0.8023971	0.0681339	0.7045789	0.7127899
50	0.0530377	0.7791078	0.0574915	0.7156268	0.4551847
100	0.0822214	0.5962222	0.1033098	0.5665960	0.1947121
150	0.0478439	0.8069335	0.0635133	0.6868124	0.1323044
200	0.0905492	0.7073582	0.0677098	0.8450528	0.1409935
250	0.0915072	0.6456570	0.0627445	0.6795059	0.1765876
300	0.1005348	0.7863059	0.0764917	0.7126246	0.1847644
350	0.0877538	0.7267914	0.0947164	0.6529951	0.1207385
400	0.0479182	0.7139083	0.0853494	0.6755340	0.1176473
450	0.0904351	0.5413705	0.0329501	0.7899199	0.2005791
500	0.0660665	0.7058128	0.0298439	0.7064812	0.1521514
550	0.0919925	0.7100523	0.0486228	0.6039891	0.5169985
600	0.0929094	0.7152632	0.1128812	0.7637419	0.5831946
650	0.1075866	0.7313540	0.0589171	0.6802071	0.6261193
700	0.0830541	0.6823946	0.0473427	0.7240311	0.7230745
750	0.0418657	0.8050097	0.0449136	0.6865584	0.5911343
800	0.0685024	0.7480135	0.0953281	0.6466448	0.7132261
850	0.0842339	0.5797935	0.0662594	0.6530526	0.7822051
900	0.0779002	0.7761903	0.0961696	0.5888347	0.7589955
950	0.0794337	0.6529632	0.0536353	0.7229868	0.8429975
1000	0.0915499	0.6883929	0.0701026	0.8661946	0.7787758

0	0.0608594	0.7135945	0.0666486	0.7464421	0.6827273
50	0.0569341	0.7592194	0.0436499	0.7310731	0.5291830
100	0.0025989	0.6419437	0.0765757	0.6593526	0.5930065
150	0.0036444	0.7546462	0.1977034	0.7149444	0.5949625
200	0.0022432	0.6170697	0.2114726	0.5757321	0.5108176
250	0.0005376	0.6525207	0.4492163	0.7281003	0.6448431
300	0.0000000	0.6504492	0.5328892	0.6703096	0.6660326
350	0.0009426	0.9137506	0.6111716	0.7581836	0.6217929
400	0.0014123	0.5441218	0.6788677	0.6258157	0.6081947
450	0.0025745	0.5967526	0.6452516	0.6600739	0.6238456
500	0.0058149	0.7279528	0.6667998	0.6977697	0.4560170
550	0.0512593	0.7467662	0.3701935	0.7013804	0.6973377
600	0.0614498	0.6186412	0.1793015	0.6701277	0.7387617
650	0.0447605	0.5942263	0.0802583	0.6282116	0.7235450
700	0.0730486	0.7919994	0.0860472	0.8907962	0.8684611
750	0.0665275	0.6500558	0.1163926	0.6441139	0.7649293
800	0.0719356	0.9084907	0.0599079	0.7833964	0.8873670
850	0.0735853	0.7864919	0.0799182	0.6291811	0.8631681
900	0.0620738	0.7220170	0.0719129	0.7541822	0.6646107
950	0.0395646	0.5606546	0.0869340	0.7756965	0.7189793
1000	0.0808558	0.7375365	0.0341781	0.7094395	0.7071619

0	0.0831274	0.7014863	0.0818193	0.6586566	0.6442636
50	0.0900793	0.6719168	0.0772656	0.3719025	0.7768369
100	0.0520449	0.8096018	0.0647797	0.3164296	0.6373053
150	0.0639231	0.5924926	0.0643822	0.2707356	0.7096943
200	0.0944262	0.7082206	0.1002414	0.2447138	0.7996523
250	0.0244898	0.7344011	0.0840580	0.2435847	0.7598994
300	0.0601329	0.7008462	0.1125146	0.2341446	0.7399416
350	0.0973575	0.7638769	0.0767383	0.2817025	0.7107093
400	0.0608148	0.7483455	0.0608483	0.2494241	0.7672003
450	0.0506702	0.7650236	0.0818049	0.2691099	0.6812741
500	0.0809809	0.7212965	0.0798094	0.1992133	0.5819610
550	0.0935998	0.6582674	0.1141871	0.5536067	0.6084827
600	0.0382692	0.8900937	0.1232810	0.6982794	0.8247654
650	0.0582627	0.7287736	0.1089633	0.6552596	0.8459290
700	0.0809949	0.6980859	0.0995826	0.7950677	0.7146063
750	0.0859999	0.6756011	0.0600925	0.6467840	0.7093201
800	0.0842767	0.6777057	0.0538400	0.6927769	0.7301762
850	0.0494274	0.6811924	0.0915596	0.7438611	0.6676340
900	0.0708539	0.6502836	0.0761934	0.7300765	0.7825287
950	0.0907688	0.7200854	0.0542240	0.7603992	0.7161585
1000	0.0783966	0.6508704	0.0643062	0.7344225	0.6286952

0	0.0703727	0.6626534	0.0981076	0.7043656	0.7690879
50	0.0511852	0.8443462	0.0687196	0.6544146	0.7710034
100	0.0659043	0.7026857	0.0497545	0.5811509	0.7442792
150	0.0746338	0.6374225	0.0813131	0.5370881	0.7999192
200	0.0684038	0.7862371	0.0889692	0.4404858	0.7587022
250	0.0890108	0.6581827	0.1044515	0.5815648	0.7020988
300	0.1109814	0.6323928	0.0610534	0.5870126	0.7963265
350	0.0634381	0.7873021	0.0572781	0.4948252	0.7386396
400	0.0381048	0.7446582	0.0897140	0.4661399	0.7371862
450	0.0523741	0.6006652	0.1047889	0.5670552	0.9126617
500	0.0622194	0.7179307	0.1074286	0.5752822	0.8008732
550	0.0658744	0.6941595	0.0450686	0.8090702	0.6452530
600	0.0704474	0.7035851	0.0677963	0.7527285	0.7556253
650	0.0588504	0.6079201	0.0763212	0.6770413	0.6325331
700	0.1183958	0.7130617	0.0599235	0.6983173	0.7129814
750	0.0808840	0.6813099	0.0615863	0.6493408	0.7358036
800	0.0744985	0.6838045	0.0583444	0.6025682	0.5913310
850	0.1019971	0.7069984	0.1236556	0.7278964	0.6428581
900	0.0462001	0.7384891	0.0519299	0.5929613	0.7053635
950	0.0595837	0.6729865	0.0698284	0.7303073	0.6575826
1000	0.0394405	0.8896009	0.0851563	0.7218570	0.6866984

0	0.0649955	0.5933026	0.1051829	0.7800959	0.6180693
50	0.0161496	0.7041603	0.0552638	0.6832652	0.7130719
100	0.0212960	0.6834527	0.0862297	0.7314882	0.7496627
150	0.0027744	0.6897746	0.1457006	0.7354896	0.6751636
200	0.0007510	0.6912550	0.1782120	0.8043465	0.7833311
250	0.0002507	0.8301522	0.1954901	0.5953843	0.7098854
300	0.0007145	0.6674527	0.3759371	0.8720306	0.6548851
350	0.0000000	0.6261871	0.4860928	0.7581062	0.5875986
400	0.0076154	0.6587289	0.4239396	0.7071064	0.6455117
450	0.0001987	0.6867483	0.4365274	0.7471282	0.7292012
500	0.0003246	0.7345392	0.5376118	0.6258942	0.6941366
550	0.0403508	0.7898257	0.3081447	0.7485911	0.7258685
600	0.0570973	0.6971348	0.2060510	0.6843097	0.5803577
650	0.0571589	0.7051716	0.1001966	0.6265612	0.6897075
700	0.1208124	0.7697137	0.0739338	0.7820235	0.8073023
750	0.0989214	0.7768780	0.0899960	0.6316397	0.6813068
800	0.0305090	0.6282422	0.0965068	0.6346393	0.5383794
850	0.0386888	0.7529299	0.0835463	0.8186249	0.7978690
900	0.0351618	0.7778806	0.1316357	0.6198082	0.9024004
950	0.0644388	0.7274215	0.0583638	0.6487320	0.7673325
1000	0.0868765	0.7695577	0.0683722	0.6261755	0.8346089
