"Time"	fur	rcnR	metJ	metR	metE	metH	metA	rcnA	hmp	ydfN

0	1.0000000	0.9993649	0.2285666	0.9474730	0.5232974	0.4213275	0.9953214	0.2441097	0.6435243	0.0561719
50	1.0000000	0.9998147	0.1790285	0.9232212	0.5279424	0.5858050	0.9953260	0.2440939	0.3055458	0.0151175
100	1.0000000	0.9998801	0.1616660	0.9223743	0.5446184	0.6322537	0.9953487	0.2440603	0.1641931	0.0045803
150	1.0000000	0.9998896	0.1555806	0.9270314	0.5657837	0.6455886	0.9953895	0.2440364	0.1051938	0.0018758
200	1.0000000	0.9998910	0.1534478	0.9311817	0.5843364	0.6499502	0.9954353	0.2440243	0.0807188	0.0011816
250	1.0000000	0.9998912	0.1527002	0.9338253	0.5978186	0.6517278	0.9954729	0.2440190	0.0706502	0.0010035
300	1.0000000	0.9998913	0.1524382	0.9352969	0.6065796	0.6525967	0.9954982	0.2440169	0.0665478	0.0009577
350	1.0000000	0.9998913	0.1523464	0.9360584	0.6118702	0.6530554	0.9955132	0.2440161	0.0648937	0.0009460
400	1.0000000	0.9998913	0.1523142	0.9364348	0.6149055	0.6532992	0.9955214	0.2440158	0.0642344	0.0009430
450	1.0000000	0.9998913	0.1523030	0.9366150	0.6165827	0.6534260	0.9955257	0.2440157	0.0639749	0.0009422
500	1.0000000	0.9998913	0.1522990	0.9366993	0.6174833	0.6534902	0.9955278	0.2440157	0.0638742	0.0009420
550	1.0000000	0.9994415	0.2018357	0.9616378	0.6126261	0.4890244	0.9955632	0.2440314	0.4008780	0.0419963
600	1.0000000	0.9993760	0.2191977	0.9636052	0.5946754	0.4427531	0.9955976	0.2440650	0.5463936	0.0525335
650	1.0000000	0.9993665	0.2252829	0.9591057	0.5731875	0.4295802	0.9955605	0.2440889	0.6081748	0.0552381
700	1.0000000	0.9993651	0.2274157	0.9544876	0.5551967	0.4252936	0.9954892	0.2441010	0.6328368	0.0559322
750	1.0000000	0.9993649	0.2281632	0.9513049	0.5424853	0.4234848	0.9954240	0.2441062	0.6416733	0.0561104
800	1.0000000	0.9993649	0.2284252	0.9494404	0.5343502	0.4225310	0.9953787	0.2441083	0.6442533	0.0561561
850	1.0000000	0.9993649	0.2285170	0.9484426	0.5294732	0.4219859	0.9953515	0.2441091	0.6446402	0.0561679
900	1.0000000	0.9993649	0.2285492	0.9479385	0.5266828	0.4216774	0.9953366	0.2441094	0.6444166	0.0561709
950	1.0000000	0.9993649	0.2285605	0.9476937	0.5251413	0.4215094	0.9953289	0.2441095	0.6441229	0.0561716
1000	1.0000000	0.9993649	0.2285645	0.9475780	0.5243126	0.4214215	0.9953251	0.2441096	0.6439006	0.0561718

0	1.0000000	0.9993649	0.2285666	0.9474730	0.5232974	0.4213275	0.9953214	0.2441097	0.6435243	0.0561719
50	1.0000000	0.9993649	0.2285666	0.9474773	0.6941579	0.4213323	0.9953216	0.0615292	0.6435585	0.0561719
100	1.0000000	0.9993649	0.2285666	0.9474791	0.7735074	0.4213344	0.9953216	0.0168032	0.6435746	0.0561719
150	1.0000000	0.9993649	0.2285666	0.9474799	0.8103582	0.4213354	0.9953217	0.0058468	0.6435822	0.0561719
200	1.0000000	0.9993649	0.2285666	0.9474802	0.8274722	0.4213358	0.9953217	0.0031628	0.6435856	0.0561719
250	1.0000000	0.9993649	0.2285666	0.9474804	0.8354200	0.4213359	0.9953217	0.0025054	0.6435872	0.0561719
300	1.0000000	0.9993649	0.2285666	0.9474804	0.8391111	0.4213360	0.9953217	0.0023443	0.6435880	0.0561719
350	1.0000000	0.9993649	0.2285666	0.9474805	0.8408253	0.4213361	0.9953217	0.0023048	0.6435883	0.0561719
400	1.0000000	0.9993649	0.2285666	0.9474805	0.8416214	0.4213361	0.9953217	0.0022952	0.6435885	0.0561719
450	1.0000000	0.9993649	0.2285666	0.9474805	0.8419911	0.4213361	0.9953217	0.0022928	0.6435885	0.0561719
500	1.0000000	0.9993649	0.2285666	0.9474805	0.8421628	0.4213361	0.9953217	0.0022922	0.6435886	0.0561719
550	1.0000000	0.9993649	0.2285666	0.9474805	0.6714472	0.4213361	0.9953217	0.1848725	0.6435886	0.0561719
600	1.0000000	0.9993649	0.2285666	0.9474805	0.5921658	0.4213361	0.9953217	0.2295985	0.6435886	0.0561719
650	1.0000000	0.9993649	0.2285666	0.9474805	0.5553471	0.4213361	0.9953217	0.2405549	0.6435886	0.0561719
700	1.0000000	0.9993649	0.2285666	0.9474805	0.5382482	0.4213361	0.9953217	0.2432388	0.6435886	0.0561719
750	1.0000000	0.9993649	0.2285666	0.9474805	0.5303074	0.4213361	0.9953217	0.2438963	0.6435886	0.0561719
800	1.0000000	0.9993649	0.2285666	0.9474805	0.5266196	0.4213361	0.9953217	0.2440574	0.6435886	0.0561719
850	1.0000000	0.9993649	0.2285666	0.9474805	0.5249070	0.4213361	0.9953217	0.2440968	0.6435886	0.0561719
900	1.0000000	0.9993649	0.2285666	0.9474805	0.5241116	0.4213361	0.9953217	0.2441065	0.6435886	0.0561719
950	1.0000000	0.9993649	0.2285666	0.9474805	0.5237423	0.4213361	0.9953217	0.2441088	0.6435886	0.0561719
1000	1.0000000	0.9993649	0.2285666	0.9474805	0.5235707	0.4213361	0.9953217	0.2441094	0.6435886	0.0561719

0	1.0000000	0.9993649	0.2285666	0.9474730	0.5232974	0.4213275	0.9953214	0.2441097	0.6435243	0.0561719
50	1.0000000	0.9998867	0.2285666	0.9474773	0.5233612	0.4213323	0.9953216	0.2440914	0.6435585	0.0561719
100	1.0000000	0.9999627	0.2285666	0.9474791	0.5233925	0.4213344	0.9953216	0.2440524	0.6435746	0.0561719
150	1.0000000	0.9999737	0.2285666	0.9474799	0.5234078	0.4213354	0.9953217	0.2440246	0.6435822	0.0561719
200	1.0000000	0.9999753	0.2285666	0.9474802	0.5234151	0.4213358	0.9953217	0.2440106	0.6435856	0.0561719
250	1.0000000	0.9999755	0.2285666	0.9474804	0.5234187	0.4213359	0.9953217	0.2440046	0.6435872	0.0561719
300	1.0000000	0.9999756	0.2285666	0.9474804	0.5234204	0.4213360	0.9953217	0.2440021	0.6435880	0.0561719
350	1.0000000	0.9999756	0.2285666	0.9474805	0.5234212	0.4213361	0.9953217	0.2440012	0.6435883	0.0561719
400	1.0000000	0.9999756	0.2285666	0.9474805	0.5234216	0.4213361	0.9953217	0.2440009	0.6435885	0.0561719
450	1.0000000	0.9999756	0.2285666	0.9474805	0.5234218	0.4213361	0.9953217	0.2440007	0.6435885	0.0561719
500	1.0000000	0.9999756	0.2285666	0.9474805	0.5234219	0.4213361	0.9953217	0.2440007	0.6435886	0.0561719
550	1.0000000	0.9994537	0.2285666	0.9474805	0.5234219	0.4213361	0.9953217	0.2440189	0.6435886	0.0561719
600	1.0000000	0.9993778	0.2285666	0.9474805	0.5234220	0.4213361	0.9953217	0.2440578	0.6435886	0.0561719
650	1.0000000	0.9993668	0.2285666	0.9474805	0.5234220	0.4213361	0.9953217	0.2440856	0.6435886	0.0561719
700	1.0000000	0.9993652	0.2285666	0.9474805	0.5234220	0.4213361	0.9953217	0.2440996	0.6435886	0.0561719
750	1.0000000	0.9993649	0.2285666	0.9474805	0.5234220	0.4213361	0.9953217	0.2441057	0.6435886	0.0561719
800	1.0000000	0.9993649	0.2285666	0.9474805	0.5234220	0.4213361	0.9953217	0.2441081	0.6435886	0.0561719
850	1.0000000	0.9993649	0.2285666	0.9474805	0.5234220	0.4213361	0.9953217	0.2441091	0.6435886	0.0561719
900	1.0000000	0.9993649	0.2285666	0.9474805	0.5234220	0.4213361	0.9953217	0.2441094	0.6435886	0.0561719
950	1.0000000	0.9993649	0.2285666	0.9474805	0.5234220	0.4213361	0.9953217	0.2441095	0.6435886	0.0561719
1000	1.0000000	0.9993649	0.2285666	0.9474805	0.5234220	0.4213361	0.9953217	0.2441096	0.6435886	0.0561719

0	1.0000000	0.9993649	0.2285666	0.9474730	0.5232974	0.4213275	0.9953214	0.2441097	0.6435243	0.0561719
50	0.8352224	0.9992776	0.1843445	0.9501373	0.5287626	0.4234209	0.9953738	0.2511262	0.6463917	0.0147397
100	0.7950767	0.9990087	0.1939403	0.9560969	0.5437509	0.4300237	0.9954767	0.2708951	0.6563637	0.0042620
150	0.7852958	0.9987085	0.2193544	0.9583086	0.5524911	0.4372521	0.9955255	0.2901605	0.6684337	0.0017438
200	0.7829128	0.9984804	0.2418982	0.9553061	0.5480779	0.4424140	0.9954905	0.3033483	0.6778320	0.0012238
250	0.7823323	0.9983406	0.2570549	0.9491912	0.5344811	0.4450463	0.9953745	0.3109829	0.6830245	0.0011653
300	0.7821908	0.9982649	0.2659644	0.9424756	0.5181015	0.4457862	0.9952092	0.3150182	0.6846493	0.0011898
350	0.7821563	0.9982267	0.2708112	0.9367336	0.5032152	0.4454728	0.9950391	0.3170422	0.6840748	0.0012155
400	0.7821480	0.9982082	0.2733229	0.9325017	0.4915429	0.4447560	0.9948960	0.3180264	0.6825424	0.0012314
450	0.7821459	0.9981994	0.2745834	0.9296794	0.4832052	0.4440157	0.9947916	0.3184962	0.6808610	0.0012399
500	0.7821454	0.9981953	0.2752023	0.9279272	0.4776263	0.4434150	0.9947227	0.3187180	0.6794253	0.0012441
550	0.9469229	0.9984389	0.3506607	0.9212469	0.4663141	0.4398926	0.9944093	0.3097923	0.6740915	0.0437081
600	0.9870685	0.9988769	0.3292164	0.9079889	0.4454057	0.4310217	0.9936693	0.2873256	0.6596427	0.0537171
650	0.9968494	0.9991386	0.2915660	0.9036660	0.4339491	0.4225125	0.9934654	0.2682401	0.6434583	0.0558608
700	0.9992324	0.9992622	0.2636115	0.9096349	0.4372657	0.4173381	0.9938531	0.2565099	0.6319886	0.0562335
750	0.9998130	0.9993181	0.2468863	0.9197076	0.4509467	0.4156132	0.9943486	0.2502071	0.6272235	0.0562520
800	0.9999544	0.9993434	0.2377953	0.9291524	0.4684379	0.4160384	0.9947274	0.2470354	0.6276069	0.0562220
850	0.9999889	0.9993550	0.2331061	0.9362216	0.4848903	0.4172871	0.9949730	0.2454939	0.6305610	0.0561984
900	0.9999973	0.9993603	0.2307637	0.9409058	0.4980281	0.4185712	0.9951222	0.2447593	0.6341032	0.0561850
950	0.9999993	0.9993628	0.2296180	0.9437827	0.5074711	0.4195842	0.9952100	0.2444130	0.6372029	0.0561782
1000	0.9999998	0.9993639	0.2290657	0.9454604	0.5137771	0.4202839	0.9952603	0.2442509	0.6395311	0.0561749

0	1.0000000	0.9993649	0.2285666	0.9474730	0.5232974	0.4213275	0.9953214	0.2441097	0.6435243	0.0561719
50	1.0000000	0.9993649	0.1469496	0.9517705	0.5322977	0.4184620	0.7335509	0.2441096	0.6437252	0.0561719
100	1.0000000	0.9993649	0.1183438	0.9635073	0.5640888	0.4183825	0.6785155	0.2441096	0.6456867	0.0561719
150	1.0000000	0.9993649	0.1083178	0.9742150	0.6034688	0.4197646	0.6670044	0.2441096	0.6501676	0.0561719
200	1.0000000	0.9993649	0.1048038	0.9811106	0.6370213	0.4214583	0.6646364	0.2441096	0.6555477	0.0561719
250	1.0000000	0.9993649	0.1035722	0.9849335	0.6607438	0.4228200	0.6641731	0.2441096	0.6602262	0.0561719
300	1.0000000	0.9993649	0.1031405	0.9868989	0.6758025	0.4237170	0.6640954	0.2441096	0.6636068	0.0561719
350	1.0000000	0.9993649	0.1029892	0.9878663	0.6847259	0.4242432	0.6640895	0.2441096	0.6657812	0.0561719
400	1.0000000	0.9993649	0.1029362	0.9883292	0.6897689	0.4245298	0.6640935	0.2441096	0.6670747	0.0561719
450	1.0000000	0.9993649	0.1029176	0.9885461	0.6925223	0.4246781	0.6640969	0.2441096	0.6678026	0.0561719
500	1.0000000	0.9993649	0.1029111	0.9886462	0.6939867	0.4247521	0.6640988	0.2441096	0.6681957	0.0561719
550	1.0000000	0.9993649	0.1845259	0.9862577	0.6846911	0.4276966	0.9259683	0.2441096	0.6683129	0.0561719
600	1.0000000	0.9993649	0.2131308	0.9777273	0.6509251	0.4281450	0.9811064	0.2441096	0.6672231	0.0561719
650	1.0000000	0.9993649	0.2231566	0.9674596	0.6112623	0.4272727	0.9926273	0.2441096	0.6639826	0.0561719
700	1.0000000	0.9993649	0.2266704	0.9592037	0.5788032	0.4257966	0.9949471	0.2441096	0.6592872	0.0561719
750	1.0000000	0.9993649	0.2279020	0.9538192	0.5563145	0.4243152	0.9953531	0.2441096	0.6545116	0.0561719
800	1.0000000	0.9993649	0.2283337	0.9507175	0.5421341	0.4231498	0.9953867	0.2441096	0.6505885	0.0561719
850	1.0000000	0.9993649	0.2284850	0.9490674	0.5337241	0.4223634	0.9953647	0.2441096	0.6477909	0.0561719
900	1.0000000	0.9993649	0.2285380	0.9482355	0.5289496	0.4218862	0.9953449	0.2441096	0.6459843	0.0561719
950	1.0000000	0.9993649	0.2285566	0.9478318	0.5263269	0.4216181	0.9953333	0.2441096	0.6448992	0.0561719
1000	1.0000000	0.9993649	0.2285631	0.9476412	0.5249229	0.4214757	0.9953272	0.2441096	0.6442822	0.0561719

0	1.0000000	0.9993649	0.2285666	0.9474730	0.5232974	0.4213275	0.9953214	0.2441097	0.6435243	0.0561719
50	1.0000000	0.9995340	0.2285666	0.9474773	0.5233612	0.5167657	0.9953216	0.2441037	0.5210678	0.0147177
100	1.0000000	0.9995586	0.2285666	0.9474791	0.5233925	0.5447451	0.9953216	0.2440911	0.4700292	0.0040778
150	1.0000000	0.9995622	0.2285666	0.9474799	0.5234078	0.5529478	0.9953217	0.2440821	0.4487569	0.0013469
200	1.0000000	0.9995627	0.2285666	0.9474802	0.5234151	0.5553526	0.9953217	0.2440775	0.4398908	0.0006460
250	1.0000000	0.9995628	0.2285666	0.9474804	0.5234187	0.5560577	0.9953217	0.2440755	0.4361956	0.0004661
300	1.0000000	0.9995628	0.2285666	0.9474804	0.5234204	0.5562644	0.9953217	0.2440747	0.4346554	0.0004199
350	1.0000000	0.9995628	0.2285666	0.9474805	0.5234212	0.5563250	0.9953217	0.2440744	0.4340135	0.0004081
400	1.0000000	0.9995628	0.2285666	0.9474805	0.5234216	0.5563428	0.9953217	0.2440743	0.4337460	0.0004050
450	1.0000000	0.9995628	0.2285666	0.9474805	0.5234218	0.5563480	0.9953217	0.2440743	0.4336344	0.0004043
500	1.0000000	0.9995628	0.2285666	0.9474805	0.5234219	0.5563495	0.9953217	0.2440743	0.4335880	0.0004041
550	1.0000000	0.9993937	0.2285666	0.9474805	0.5234219	0.4609166	0.9953217	0.2440802	0.5560604	0.0418583
600	1.0000000	0.9993691	0.2285666	0.9474805	0.5234220	0.4329395	0.9953217	0.2440928	0.6071068	0.0524981
650	1.0000000	0.9993655	0.2285666	0.9474805	0.5234220	0.4247377	0.9953217	0.2441018	0.6283830	0.0552290
700	1.0000000	0.9993650	0.2285666	0.9474805	0.5234220	0.4223333	0.9953217	0.2441064	0.6372509	0.0559299
750	1.0000000	0.9993649	0.2285666	0.9474805	0.5234220	0.4216284	0.9953217	0.2441083	0.6409470	0.0561098
800	1.0000000	0.9993649	0.2285666	0.9474805	0.5234220	0.4214218	0.9953217	0.2441091	0.6424876	0.0561560
850	1.0000000	0.9993649	0.2285666	0.9474805	0.5234220	0.4213612	0.9953217	0.2441094	0.6431297	0.0561678
900	1.0000000	0.9993649	0.2285666	0.9474805	0.5234220	0.4213435	0.9953217	0.2441095	0.6433973	0.0561709
950	1.0000000	0.9993649	0.2285666	0.9474805	0.5234220	0.4213382	0.9953217	0.2441096	0.6435089	0.0561716
1000	1.0000000	0.9993649	0.2285666	0.9474805	0.5234220	0.4213367	0.9953217	0.2441096	0.6435554	0.0561718

0	1.0000000	0.9993649	0.2285666	0.9474730	0.5232974	0.4213275	0.9953214	0.2441097	0.6435243	0.0561719
50	0.5325154	0.9996776	0.2702756	0.9467112	0.5652999	0.1507705	0.6651731	0.1795791	0.6518895	0.0567583
100	0.4186195	0.9992268	0.4322850	0.9338754	0.5655544	0.0804900	0.5952824	0.2012462	0.6831560	0.0610407
150	0.3908704	0.9978891	0.6252171	0.8876437	0.5209637	0.0696944	0.5775777	0.2392191	0.7234665	0.0747132
200	0.3841097	0.9957747	0.7621035	0.8085303	0.4593188	0.0725621	0.5586301	0.2676162	0.7566188	0.0995017
250	0.3824626	0.9936321	0.8390968	0.7243877	0.4040179	0.0741120	0.5186017	0.2842060	0.7776274	0.1273739
300	0.3820613	0.9920512	0.8782900	0.6572607	0.3609009	0.0712704	0.4659115	0.2929692	0.7891321	0.1496966
350	0.3819635	0.9910983	0.8973724	0.6118421	0.3292559	0.0656993	0.4193457	0.2974079	0.7949741	0.1641033
400	0.3819397	0.9905887	0.9064692	0.5839335	0.3071020	0.0598604	0.3868557	0.2996139	0.7977999	0.1722549
450	0.3819339	0.9903339	0.9107596	0.5677843	0.2922856	0.0551732	0.3669968	0.3006981	0.7991001	0.1765150
500	0.3819325	0.9902111	0.9127714	0.5588112	0.2827875	0.0519421	0.3557444	0.3012260	0.7996604	0.1786372
550	0.8494167	0.9842884	0.8601498	0.5550990	0.2174348	0.2831128	0.6206632	0.4232630	0.7671613	0.1297264
600	0.9633126	0.9948416	0.6663959	0.5708575	0.1895913	0.3089169	0.7175392	0.3788670	0.6757549	0.0809337
650	0.9910616	0.9980795	0.4752716	0.6261838	0.1891737	0.3058843	0.8325783	0.3196865	0.5920852	0.0639091
700	0.9978223	0.9989467	0.3551277	0.7100166	0.2149980	0.3178756	0.9262326	0.2821364	0.5441137	0.0586402
750	0.9994694	0.9992069	0.2907748	0.7929161	0.2633258	0.3437894	0.9707215	0.2623997	0.5323377	0.0570035
800	0.9998707	0.9992988	0.2584924	0.8557653	0.3234321	0.3707634	0.9868146	0.2527341	0.5458956	0.0564724
850	0.9999685	0.9993357	0.2427912	0.8962099	0.3820292	0.3911915	0.9921939	0.2481399	0.5700615	0.0562885
900	0.9999923	0.9993516	0.2352789	0.9198516	0.4301516	0.4043153	0.9940535	0.2459851	0.5937763	0.0562199
950	0.9999981	0.9993588	0.2317190	0.9329337	0.4651542	0.4120368	0.9947587	0.2449807	0.6122213	0.0561926
1000	0.9999995	0.9993621	0.2300423	0.9399441	0.4885219	0.4163627	0.9950557	0.2445138	0.6248368	0.0561811

0	1.0000000	0.9993649	0.2285666	0.9474730	0.5232974	0.4213275	0.9953214	0.2441097	0.6435243	0.0561719
50	1.0000000	0.9993649	0.2285666	0.7945491	0.6247658	0.4137826	0.9963460	0.0620797	0.6275874	0.0561719
100	1.0000000	0.9993649	0.2285666	0.7470401	0.6655817	0.3931778	0.9961318	0.0174885	0.5884186	0.0561719
150	1.0000000	0.9993649	0.2285666	0.7322805	0.6808808	0.3750368	0.9958132	0.0065651	0.5560544	0.0561719
200	1.0000000	0.9993649	0.2285666	0.7276951	0.6865187	0.3645303	0.9956290	0.0038893	0.5367783	0.0561719
250	1.0000000	0.9993649	0.2285666	0.7262706	0.6886222	0.3595851	0.9955481	0.0032338	0.5268043	0.0561719
300	1.0000000	0.9993649	0.2285666	0.7258281	0.6894288	0.3575139	0.9955170	0.0030732	0.5220163	0.0561719
350	1.0000000	0.9993649	0.2285666	0.7256906	0.6897487	0.3567065	0.9955059	0.0030339	0.5198191	0.0561719
400	1.0000000	0.9993649	0.2285666	0.7256479	0.6898800	0.3564065	0.9955021	0.0030243	0.5188396	0.0561719
450	1.0000000	0.9993649	0.2285666	0.7256346	0.6899355	0.3562986	0.9955009	0.0030219	0.5184114	0.0561719
500	1.0000000	0.9993649	0.2285666	0.7256305	0.6899596	0.3562608	0.9955005	0.0030213	0.5182267	0.0561719
550	1.0000000	0.9993649	0.2285666	0.8785575	0.5814017	0.3687985	0.9941953	0.1850511	0.5316036	0.0561719
600	1.0000000	0.9993649	0.2285666	0.9260679	0.5418574	0.3930496	0.9946293	0.2296423	0.5683752	0.0561719
650	1.0000000	0.9993649	0.2285666	0.9408282	0.5289389	0.4087296	0.9950206	0.2405656	0.6016099	0.0561719
700	1.0000000	0.9993649	0.2285666	0.9454138	0.5249632	0.4162318	0.9952072	0.2432414	0.6224836	0.0561719
750	1.0000000	0.9993649	0.2285666	0.9468384	0.5238065	0.4193869	0.9952811	0.2438969	0.6336165	0.0561719
800	1.0000000	0.9993649	0.2285666	0.9472810	0.5234950	0.4206209	0.9953079	0.2440575	0.6390572	0.0561719
850	1.0000000	0.9993649	0.2285666	0.9474185	0.5234226	0.4210811	0.9953171	0.2440968	0.6415816	0.0561719
900	1.0000000	0.9993649	0.2285666	0.9474612	0.5234118	0.4212472	0.9953202	0.2441065	0.6427150	0.0561719
950	1.0000000	0.9993649	0.2285666	0.9474745	0.5234140	0.4213056	0.9953212	0.2441088	0.6432129	0.0561719
1000	1.0000000	0.9993649	0.2285666	0.9474786	0.5234173	0.4213258	0.9953215	0.2441094	0.6434284	0.0561719

0	1.0000000	0.9993649	0.2285666	0.9474730	0.5232974	0.4213275	0.9953214	0.2441097	0.6435243	0.0561719
50	0.5465295	0.9996504	0.2688123	0.7578281	0.5163467	0.2536041	0.9949366	0.2645336	0.6341908	0.0149846
100	0.4360479	0.9991726	0.4243168	0.6896688	0.4797466	0.2117383	0.9935927	0.3281864	0.6363112	0.0058799
150	0.4091307	0.9978432	0.6108302	0.6376413	0.4080940	0.2097474	0.9890722	0.3948808	0.6691145	0.0077470
200	0.4025727	0.9958406	0.7453698	0.5738207	0.3282766	0.2145750	0.9694535	0.4412427	0.7083395	0.0149936
250	0.4009749	0.9938802	0.8223595	0.5094314	0.2619705	0.2130770	0.9210556	0.4677796	0.7387221	0.0234829
300	0.4005857	0.9924650	0.8621356	0.4582518	0.2130299	0.2048120	0.8549372	0.4816363	0.7582569	0.0302641
350	0.4004908	0.9916228	0.8817353	0.4234183	0.1788297	0.1944753	0.7947444	0.4885680	0.7696548	0.0346195
400	0.4004677	0.9911756	0.8911673	0.4018521	0.1558771	0.1856705	0.7516845	0.4919633	0.7759240	0.0370756
450	0.4004621	0.9909529	0.8956484	0.3892812	0.1410366	0.1794737	0.7248302	0.4936065	0.7792341	0.0383567
500	0.4004607	0.9908458	0.8977614	0.3822495	0.1317639	0.1755536	0.7093704	0.4943952	0.7809288	0.0389941
550	0.8539309	0.9863871	0.8435609	0.5056600	0.1308944	0.2627337	0.7053371	0.4646525	0.7493570	0.0870443
600	0.9644124	0.9953252	0.6521256	0.5613686	0.1430873	0.2785789	0.7472608	0.3855623	0.6610662	0.0694661
650	0.9913296	0.9981796	0.4667959	0.6291035	0.1669250	0.2902690	0.8470566	0.3198044	0.5826199	0.0608952
700	0.9978876	0.9989698	0.3508009	0.7155558	0.2063685	0.3130751	0.9321904	0.2815082	0.5396047	0.0578480
750	0.9994853	0.9992135	0.2886901	0.7975482	0.2616448	0.3435718	0.9726984	0.2619556	0.5313436	0.0567935
800	0.9998746	0.9993011	0.2575111	0.8587821	0.3246804	0.3716637	0.9874181	0.2524946	0.5467162	0.0564158
850	0.9999695	0.9993366	0.2423338	0.8979470	0.3840190	0.3920175	0.9923816	0.2480217	0.5713893	0.0562727
900	0.9999926	0.9993520	0.2350665	0.9207892	0.4319280	0.4048551	0.9941171	0.2459289	0.5949559	0.0562153
950	0.9999982	0.9993590	0.2316205	0.9334227	0.4664529	0.4123480	0.9947829	0.2449543	0.6130686	0.0561912
1000	0.9999996	0.9993622	0.2299966	0.9401942	0.4893756	0.4165317	0.9950659	0.2445015	0.6253807	0.0561806

0	1.0000000	0.9993649	0.2285666	0.9474730	0.5232974	0.4213275	0.9953214	0.2441097	0.6435243	0.0561719
50	1.0000000	0.9993649	0.2285666	0.9474773	0.5233612	0.5372904	0.9953216	0.2441096	0.6435585	0.0152746
100	1.0000000	0.9993649	0.2285666	0.9474791	0.5233925	0.5712867	0.9953216	0.2441096	0.6435746	0.0047777
150	1.0000000	0.9993649	0.2285666	0.9474799	0.5234078	0.5812533	0.9953217	0.2441096	0.6435822	0.0020835
200	1.0000000	0.9993649	0.2285666	0.9474802	0.5234151	0.5841753	0.9953217	0.2441096	0.6435856	0.0013920
250	1.0000000	0.9993649	0.2285666	0.9474804	0.5234187	0.5850319	0.9953217	0.2441096	0.6435872	0.0012145
300	1.0000000	0.9993649	0.2285666	0.9474804	0.5234204	0.5852831	0.9953217	0.2441096	0.6435880	0.0011689
350	1.0000000	0.9993649	0.2285666	0.9474805	0.5234212	0.5853567	0.9953217	0.2441096	0.6435883	0.0011572
400	1.0000000	0.9993649	0.2285666	0.9474805	0.5234216	0.5853783	0.9953217	0.2441096	0.6435885	0.0011542
450	1.0000000	0.9993649	0.2285666	0.9474805	0.5234218	0.5853847	0.9953217	0.2441096	0.6435885	0.0011535
500	1.0000000	0.9993649	0.2285666	0.9474805	0.5234219	0.5853865	0.9953217	0.2441096	0.6435886	0.0011533
550	1.0000000	0.9993649	0.2285666	0.9474805	0.5234219	0.4694291	0.9953217	0.2441096	0.6435886	0.0420506
600	1.0000000	0.9993649	0.2285666	0.9474805	0.5234220	0.4354350	0.9953217	0.2441096	0.6435886	0.0525475
650	1.0000000	0.9993649	0.2285666	0.9474805	0.5234220	0.4254693	0.9953217	0.2441096	0.6435886	0.0552416
700	1.0000000	0.9993649	0.2285666	0.9474805	0.5234220	0.4225478	0.9953217	0.2441096	0.6435886	0.0559331
750	1.0000000	0.9993649	0.2285666	0.9474805	0.5234220	0.4216913	0.9953217	0.2441096	0.6435886	0.0561106
800	1.0000000	0.9993649	0.2285666	0.9474805	0.5234220	0.4214402	0.9953217	0.2441096	0.6435886	0.0561562
850	1.0000000	0.9993649	0.2285666	0.9474805	0.5234220	0.4213666	0.9953217	0.2441096	0.6435886	0.0561679
900	1.0000000	0.9993649	0.2285666	0.9474805	0.5234220	0.4213450	0.9953217	0.2441096	0.6435886	0.0561709
950	1.0000000	0.9993649	0.2285666	0.9474805	0.5234220	0.4213387	0.9953217	0.2441096	0.6435886	0.0561716
1000	1.0000000	0.9993649	0.2285666	0.9474805	0.5234220	0.4213369	0.9953217	0.2441096	0.6435886	0.0561718

0	1.0000000	0.9993649	0.2285666	0.9474730	0.5232974	0.4213275	0.9953214	0.2441097	0.6435243	0.0561719
50	1.0000000	0.9993649	0.1923230	0.6989796	0.5435475	0.4092178	0.9948553	0.2441096	0.4367247	0.0561719
100	1.0000000	0.9993649	0.1796201	0.6251020	0.5473925	0.3696663	0.9935645	0.2441096	0.3268732	0.0561719
150	1.0000000	0.9993649	0.1751678	0.6046624	0.5487492	0.3330371	0.9924265	0.2441096	0.2713526	0.0561719
200	1.0000000	0.9993649	0.1736074	0.5997276	0.5513094	0.3121672	0.9918129	0.2441096	0.2453076	0.0561719
250	1.0000000	0.9993649	0.1730605	0.5989153	0.5543531	0.3029219	0.9915667	0.2441096	0.2336492	0.0561719
300	1.0000000	0.9993649	0.1728688	0.5990124	0.5569661	0.2994512	0.9914881	0.2441096	0.2285997	0.0561719
350	1.0000000	0.9993649	0.1728016	0.5992069	0.5588415	0.2983316	0.9914693	0.2441096	0.2264688	0.0561719
400	1.0000000	0.9993649	0.1727781	0.5993430	0.5600484	0.2980403	0.9914678	0.2441096	0.2255891	0.0561719
450	1.0000000	0.9993649	0.1727698	0.5994195	0.5607712	0.2979993	0.9914697	0.2441096	0.2252330	0.0561719
500	1.0000000	0.9993649	0.1727669	0.5994587	0.5611828	0.2980162	0.9914715	0.2441096	0.2250915	0.0561719
550	1.0000000	0.9993649	0.2090095	0.8526659	0.5413846	0.3241639	0.9925627	0.2441096	0.3834974	0.0561719
600	1.0000000	0.9993649	0.2217121	0.9268017	0.5397953	0.3732129	0.9941922	0.2441096	0.4950115	0.0561719
650	1.0000000	0.9993649	0.2261642	0.9459534	0.5384440	0.4021537	0.9949860	0.2441096	0.5692206	0.0561719
700	1.0000000	0.9993649	0.2277246	0.9495045	0.5351629	0.4147516	0.9952619	0.2441096	0.6100583	0.0561719
750	1.0000000	0.9993649	0.2282715	0.9493179	0.5315206	0.4194587	0.9953339	0.2441096	0.6297173	0.0561719
800	1.0000000	0.9993649	0.2284632	0.9486167	0.5285415	0.4209858	0.9953425	0.2441096	0.6383137	0.0561719
850	1.0000000	0.9993649	0.2285303	0.9480921	0.5264635	0.4213853	0.9953366	0.2441096	0.6417794	0.0561719
900	1.0000000	0.9993649	0.2285539	0.9477870	0.5251485	0.4214398	0.9953304	0.2441096	0.6430643	0.0561719
950	1.0000000	0.9993649	0.2285621	0.9476276	0.5243689	0.4214135	0.9953262	0.2441096	0.6434912	0.0561719
1000	1.0000000	0.9993649	0.2285650	0.9475491	0.5239276	0.4213820	0.9953239	0.2441096	0.6436080	0.0561719

0	1.0000000	0.9993649	0.2285666	0.9474730	0.5232974	0.4213275	0.9953214	0.2441097	0.6435243	0.0561719
50	0.3954193	0.9988988	0.1798137	0.9510608	0.5307542	0.4298633	0.9953898	0.2721676	0.6548520	0.0151521
100	0.2481219	0.9946421	0.2649312	0.9552414	0.5424408	0.4647179	0.9954662	0.3630164	0.7013072	0.0087452
150	0.2122350	0.9734566	0.3728309	0.9429490	0.5212075	0.5185545	0.9951755	0.4567224	0.7673576	0.0315405
200	0.2034917	0.9135614	0.4363816	0.9127886	0.4718455	0.5724913	0.9936917	0.5190336	0.8271723	0.1015216
250	0.2013615	0.8236440	0.4656145	0.8776584	0.4205020	0.6119557	0.9904565	0.5596879	0.8694788	0.1863953
300	0.2008425	0.7424767	0.4780377	0.8486130	0.3797644	0.6343242	0.9863634	0.5967943	0.8955160	0.2459304
350	0.2007161	0.6891835	0.4831996	0.8288239	0.3511650	0.6443252	0.9827515	0.6382953	0.9102806	0.2783434
400	0.2006853	0.6597418	0.4853432	0.8168407	0.3324514	0.6476394	0.9802175	0.6796332	0.9182296	0.2942551
450	0.2006778	0.6448507	0.4862414	0.8101168	0.3207993	0.6481271	0.9786790	0.7130698	0.9223607	0.3017586
500	0.2006760	0.6376441	0.4866226	0.8065339	0.3138229	0.6477416	0.9778268	0.7357954	0.9244539	0.3052465
550	0.8052562	0.8561690	0.7884699	0.7787535	0.2985890	0.5887772	0.9642806	0.6987143	0.8887606	0.3635943
600	0.9525535	0.9732352	0.7238315	0.7139304	0.2682257	0.4832544	0.9149354	0.5258212	0.7801046	0.1503700
650	0.9884403	0.9945834	0.5315609	0.6906017	0.2471201	0.4097983	0.9030034	0.3835600	0.6712054	0.0825994
700	0.9971837	0.9983467	0.3886566	0.7261326	0.2485926	0.3729918	0.9396599	0.3081606	0.5966784	0.0636379
750	0.9993138	0.9990870	0.3081974	0.7887001	0.2760131	0.3670990	0.9714046	0.2729090	0.5620977	0.0583545
800	0.9998328	0.9992679	0.2670739	0.8471383	0.3225274	0.3779193	0.9861614	0.2570270	0.5590967	0.0568467
850	0.9999593	0.9993252	0.2469145	0.8890330	0.3750451	0.3921250	0.9917597	0.2499256	0.5736230	0.0563965
900	0.9999901	0.9993474	0.2372348	0.9151104	0.4221593	0.4035324	0.9938329	0.2467422	0.5930765	0.0562530
950	0.9999976	0.9993570	0.2326400	0.9301123	0.4584815	0.4111050	0.9946495	0.2453073	0.6103101	0.0562036
1000	0.9999994	0.9993613	0.2304740	0.9383585	0.4837265	0.4156710	0.9950006	0.2446569	0.6230173	0.0561850

0	1.0000000	0.9993649	0.2285666	0.9474730	0.5232974	0.4213275	0.9953214	0.2441097	0.6435243	0.0561719
50	1.0000000	0.9997756	0.2285666	0.9474773	0.5233612	0.2227103	0.9953216	0.0637827	0.6435585	0.0561719
100	1.0000000	0.9998353	0.2285666	0.9474791	0.5233925	0.1644839	0.9953216	0.0196048	0.6435746	0.0561719
150	1.0000000	0.9998440	0.2285666	0.9474799	0.5234078	0.1474143	0.9953217	0.0087807	0.6435822	0.0561719
200	1.0000000	0.9998452	0.2285666	0.9474802	0.5234151	0.1424102	0.9953217	0.0061284	0.6435856	0.0561719
250	1.0000000	0.9998454	0.2285666	0.9474804	0.5234187	0.1409432	0.9953217	0.0054784	0.6435872	0.0561719
300	1.0000000	0.9998455	0.2285666	0.9474804	0.5234204	0.1405132	0.9953217	0.0053190	0.6435880	0.0561719
350	1.0000000	0.9998455	0.2285666	0.9474805	0.5234212	0.1403871	0.9953217	0.0052800	0.6435883	0.0561719
400	1.0000000	0.9998455	0.2285666	0.9474805	0.5234216	0.1403502	0.9953217	0.0052704	0.6435885	0.0561719
450	1.0000000	0.9998455	0.2285666	0.9474805	0.5234218	0.1403393	0.9953217	0.0052680	0.6435885	0.0561719
500	1.0000000	0.9998455	0.2285666	0.9474805	0.5234219	0.1403362	0.9953217	0.0052674	0.6435886	0.0561719
550	1.0000000	0.9994348	0.2285666	0.9474805	0.5234219	0.3389582	0.9953217	0.1855509	0.6435886	0.0561719
600	1.0000000	0.9993751	0.2285666	0.9474805	0.5234220	0.3971862	0.9953217	0.2297415	0.6435886	0.0561719
650	1.0000000	0.9993664	0.2285666	0.9474805	0.5234220	0.4142563	0.9953217	0.2405810	0.6435886	0.0561719
700	1.0000000	0.9993651	0.2285666	0.9474805	0.5234220	0.4192606	0.9953217	0.2432420	0.6435886	0.0561719
750	1.0000000	0.9993649	0.2285666	0.9474805	0.5234220	0.4207276	0.9953217	0.2438959	0.6435886	0.0561719
800	1.0000000	0.9993649	0.2285666	0.9474805	0.5234220	0.4211577	0.9953217	0.2440569	0.6435886	0.0561719
850	1.0000000	0.9993649	0.2285666	0.9474805	0.5234220	0.4212838	0.9953217	0.2440965	0.6435886	0.0561719
900	1.0000000	0.9993649	0.2285666	0.9474805	0.5234220	0.4213208	0.9953217	0.2441064	0.6435886	0.0561719
950	1.0000000	0.9993649	0.2285666	0.9474805	0.5234220	0.4213316	0.9953217	0.2441088	0.6435886	0.0561719
1000	1.0000000	0.9993649	0.2285666	0.9474805	0.5234220	0.4213348	0.9953217	0.2441094	0.6435886	0.0561719

0	1.0000000	0.9993649	0.2285666	0.9474730	0.5232974	0.4213275	0.9953214	0.2441097	0.6435243	0.0561719
50	1.0000000	0.9996826	0.2285666	0.9474773	0.5233612	0.4213323	0.9953216	0.2161226	0.6435585	0.0145694
100	1.0000000	0.9997288	0.2285666	0.9474791	0.5233925	0.4213344	0.9953216	0.2092485	0.6435746	0.0038915
150	1.0000000	0.9997355	0.2285666	0.9474799	0.5234078	0.4213354	0.9953217	0.2075550	0.6435822	0.0011509
200	1.0000000	0.9997365	0.2285666	0.9474802	0.5234151	0.4213358	0.9953217	0.2071363	0.6435856	0.0004475
250	1.0000000	0.9997366	0.2285666	0.9474804	0.5234187	0.4213359	0.9953217	0.2070324	0.6435872	0.0002669
300	1.0000000	0.9997367	0.2285666	0.9474804	0.5234204	0.4213360	0.9953217	0.2070064	0.6435880	0.0002206
350	1.0000000	0.9997367	0.2285666	0.9474805	0.5234212	0.4213361	0.9953217	0.2069999	0.6435883	0.0002087
400	1.0000000	0.9997367	0.2285666	0.9474805	0.5234216	0.4213361	0.9953217	0.2069982	0.6435885	0.0002056
450	1.0000000	0.9997367	0.2285666	0.9474805	0.5234218	0.4213361	0.9953217	0.2069978	0.6435885	0.0002048
500	1.0000000	0.9997367	0.2285666	0.9474805	0.5234219	0.4213361	0.9953217	0.2069977	0.6435886	0.0002046
550	1.0000000	0.9994190	0.2285666	0.9474805	0.5234219	0.4213361	0.9953217	0.2349794	0.6435886	0.0418071
600	1.0000000	0.9993728	0.2285666	0.9474805	0.5234220	0.4213361	0.9953217	0.2418550	0.6435886	0.0524850
650	1.0000000	0.9993660	0.2285666	0.9474805	0.5234220	0.4213361	0.9953217	0.2435504	0.6435886	0.0552256
700	1.0000000	0.9993651	0.2285666	0.9474805	0.5234220	0.4213361	0.9953217	0.2439701	0.6435886	0.0559290
750	1.0000000	0.9993649	0.2285666	0.9474805	0.5234220	0.4213361	0.9953217	0.2440746	0.6435886	0.0561096
800	1.0000000	0.9993649	0.2285666	0.9474805	0.5234220	0.4213361	0.9953217	0.2441007	0.6435886	0.0561559
850	1.0000000	0.9993649	0.2285666	0.9474805	0.5234220	0.4213361	0.9953217	0.2441073	0.6435886	0.0561678
900	1.0000000	0.9993649	0.2285666	0.9474805	0.5234220	0.4213361	0.9953217	0.2441090	0.6435886	0.0561709
950	1.0000000	0.9993649	0.2285666	0.9474805	0.5234220	0.4213361	0.9953217	0.2441094	0.6435886	0.0561716
1000	1.0000000	0.9993649	0.2285666	0.9474805	0.5234220	0.4213361	0.9953217	0.2441096	0.6435886	0.0561718

0	1.0000000	0.9993649	0.2285666	0.9474730	0.5232974	0.4213275	0.9953214	0.2441097	0.6435243	0.0561719
50	0.7505391	0.9998040	0.0821896	0.5556815	0.6830169	0.4011970	0.9945604	0.0606290	0.6107160	0.0564272
100	0.6897615	0.9997939	0.0316848	0.4408721	0.7832644	0.3328081	0.9917148	0.0158231	0.5632025	0.0574984
150	0.6749539	0.9996989	0.0147297	0.4088031	0.8560814	0.2737007	0.9884237	0.0049641	0.5544286	0.0591705
200	0.6713463	0.9996075	0.0092575	0.4000441	0.9031394	0.2454608	0.9862884	0.0023743	0.5637389	0.0608403
250	0.6704673	0.9995446	0.0075892	0.3976674	0.9297581	0.2353929	0.9852997	0.0017768	0.5752156	0.0620931
300	0.6702532	0.9995084	0.0071277	0.3970259	0.9436640	0.2326040	0.9849221	0.0016488	0.5838769	0.0628753
350	0.6702010	0.9994895	0.0070247	0.3968560	0.9506362	0.2321500	0.9847932	0.0016262	0.5893704	0.0633105
400	0.6701883	0.9994801	0.0070163	0.3968132	0.9540597	0.2322683	0.9847523	0.0016249	0.5925547	0.0635360
450	0.6701852	0.9994756	0.0070262	0.3968036	0.9557213	0.2324433	0.9847400	0.0016266	0.5943020	0.0636479
500	0.6701845	0.9994735	0.0070357	0.3968021	0.9565218	0.2325664	0.9847365	0.0016279	0.5952266	0.0637018
550	0.9196452	0.9977050	0.3325128	0.8076960	0.7735842	0.2759903	0.9885941	0.2613758	0.5886690	0.0619954
600	0.9804227	0.9984713	0.3607206	0.9061803	0.6292746	0.3586444	0.9927227	0.2912385	0.5933251	0.0590944
650	0.9952303	0.9989773	0.3189520	0.9129046	0.5299064	0.3991993	0.9936530	0.2766548	0.6108971	0.0574602
700	0.9988379	0.9991984	0.2803531	0.9114523	0.4807262	0.4117347	0.9938376	0.2620262	0.6204786	0.0567276
750	0.9997169	0.9992914	0.2559628	0.9167702	0.4660747	0.4145627	0.9941992	0.2531591	0.6234896	0.0564140
800	0.9999310	0.9993317	0.2424427	0.9252220	0.4701866	0.4155692	0.9945823	0.2485011	0.6255576	0.0562793
850	0.9999832	0.9993497	0.2354106	0.9329773	0.4816362	0.4167214	0.9948686	0.2461977	0.6286225	0.0562202
900	0.9999959	0.9993579	0.2318840	0.9386789	0.4938230	0.4179988	0.9950551	0.2450917	0.6322651	0.0561939
950	0.9999990	0.9993617	0.2301555	0.9423982	0.5038881	0.4191186	0.9951692	0.2445687	0.6356753	0.0561820
1000	0.9999998	0.9993634	0.2293212	0.9446514	0.5111830	0.4199549	0.9952365	0.2443235	0.6383985	0.0561766

0	1.0000000	0.9993649	0.2285666	0.9474730	0.5232974	0.4213275	0.9953214	0.2441097	0.6435243	0.0561719
50	1.0000000	0.9993649	0.2133916	0.9482999	0.5249829	0.1543939	0.9953388	0.2441096	0.6435900	0.0561719
100	1.0000000	0.9993649	0.2080729	0.9507223	0.5305534	0.0761564	0.9953868	0.2441096	0.6439882	0.0561719
150	1.0000000	0.9993649	0.2062087	0.9531742	0.5372620	0.0532541	0.9954352	0.2441096	0.6449254	0.0561719
200	1.0000000	0.9993649	0.2055554	0.9549238	0.5429609	0.0465746	0.9954714	0.2441096	0.6461217	0.0561719
250	1.0000000	0.9993649	0.2053264	0.9559806	0.5470301	0.0446423	0.9954948	0.2441096	0.6472308	0.0561719
300	1.0000000	0.9993649	0.2052461	0.9565605	0.5496490	0.0440921	0.9955086	0.2441096	0.6480812	0.0561719
350	1.0000000	0.9993649	0.2052180	0.9568596	0.5512225	0.0439401	0.9955162	0.2441096	0.6486573	0.0561719
400	1.0000000	0.9993649	0.2052081	0.9570074	0.5521229	0.0439005	0.9955202	0.2441096	0.6490153	0.0561719
450	1.0000000	0.9993649	0.2052047	0.9570782	0.5526198	0.0438913	0.9955222	0.2441096	0.6492241	0.0561719
500	1.0000000	0.9993649	0.2052035	0.9571113	0.5528866	0.0438898	0.9955232	0.2441096	0.6493403	0.0561719
550	1.0000000	0.9993649	0.2203781	0.9563598	0.5513116	0.3120022	0.9955118	0.2441096	0.6493734	0.0561719
600	1.0000000	0.9993649	0.2256966	0.9540416	0.5456599	0.3904658	0.9954725	0.2441096	0.6490463	0.0561719
650	1.0000000	0.9993649	0.2275607	0.9516065	0.5389500	0.4131793	0.9954248	0.2441096	0.6481685	0.0561719
700	1.0000000	0.9993649	0.2282140	0.9498177	0.5333350	0.4195283	0.9953848	0.2441096	0.6470034	0.0561719
750	1.0000000	0.9993649	0.2284430	0.9487148	0.5293658	0.4211490	0.9953573	0.2441096	0.6458966	0.0561719
800	1.0000000	0.9993649	0.2285233	0.9481011	0.5268260	0.4214680	0.9953406	0.2441096	0.6450325	0.0561719
850	1.0000000	0.9993649	0.2285514	0.9477817	0.5253047	0.4214711	0.9953313	0.2441096	0.6444389	0.0561719
900	1.0000000	0.9993649	0.2285613	0.9476228	0.5244353	0.4214233	0.9953264	0.2441096	0.6440661	0.0561719
950	1.0000000	0.9993649	0.2285647	0.9475464	0.5239557	0.4213845	0.9953239	0.2441096	0.6438467	0.0561719
1000	1.0000000	0.9993649	0.2285659	0.9475106	0.5236982	0.4213610	0.9953227	0.2441096	0.6437239	0.0561719

0	1.0000000	0.9993649	0.2285666	0.9474730	0.5232974	0.4213275	0.9953214	0.2441097	0.6435243	0.0561719
50	1.0000000	0.9993649	0.2285666	0.9474773	0.5233612	0.4213323	0.9953216	0.2441096	0.4982040	0.0561719
100	1.0000000	0.9993649	0.2285666	0.9474791	0.5233925	0.4213344	0.9953216	0.2441096	0.4376356	0.0561719
150	1.0000000	0.9993649	0.2285666	0.9474799	0.5234078	0.4213354	0.9953217	0.2441096	0.4123912	0.0561719
200	1.0000000	0.9993649	0.2285666	0.9474802	0.5234151	0.4213358	0.9953217	0.2441096	0.4018696	0.0561719
250	1.0000000	0.9993649	0.2285666	0.9474804	0.5234187	0.4213359	0.9953217	0.2441096	0.3974843	0.0561719
300	1.0000000	0.9993649	0.2285666	0.9474804	0.5234204	0.4213360	0.9953217	0.2441096	0.3956565	0.0561719
350	1.0000000	0.9993649	0.2285666	0.9474805	0.5234212	0.4213361	0.9953217	0.2441096	0.3948947	0.0561719
400	1.0000000	0.9993649	0.2285666	0.9474805	0.5234216	0.4213361	0.9953217	0.2441096	0.3945772	0.0561719
450	1.0000000	0.9993649	0.2285666	0.9474805	0.5234218	0.4213361	0.9953217	0.2441096	0.3944449	0.0561719
500	1.0000000	0.9993649	0.2285666	0.9474805	0.5234219	0.4213361	0.9953217	0.2441096	0.3943897	0.0561719
550	1.0000000	0.9993649	0.2285666	0.9474805	0.5234219	0.4213361	0.9953217	0.2441096	0.5397225	0.0561719
600	1.0000000	0.9993649	0.2285666	0.9474805	0.5234220	0.4213361	0.9953217	0.2441096	0.6002972	0.0561719
650	1.0000000	0.9993649	0.2285666	0.9474805	0.5234220	0.4213361	0.9953217	0.2441096	0.6255448	0.0561719
700	1.0000000	0.9993649	0.2285666	0.9474805	0.5234220	0.4213361	0.9953217	0.2441096	0.6360679	0.0561719
750	1.0000000	0.9993649	0.2285666	0.9474805	0.5234220	0.4213361	0.9953217	0.2441096	0.6404540	0.0561719
800	1.0000000	0.9993649	0.2285666	0.9474805	0.5234220	0.4213361	0.9953217	0.2441096	0.6422821	0.0561719
850	1.0000000	0.9993649	0.2285666	0.9474805	0.5234220	0.4213361	0.9953217	0.2441096	0.6430440	0.0561719
900	1.0000000	0.9993649	0.2285666	0.9474805	0.5234220	0.4213361	0.9953217	0.2441096	0.6433616	0.0561719
950	1.0000000	0.9993649	0.2285666	0.9474805	0.5234220	0.4213361	0.9953217	0.2441096	0.6434940	0.0561719
1000	1.0000000	0.9993649	0.2285666	0.9474805	0.5234220	0.4213361	0.9953217	0.2441096	0.6435492	0.0561719

0	1.0000000	0.9993649	0.2285666	0.9474730	0.5232974	0.4213275	0.9953214	0.2441097	0.6435243	0.0561719
50	1.0000000	0.9998751	0.1624005	0.9509829	0.5305663	0.4213908	0.9953883	0.2440918	0.6267481	0.0561719
100	1.0000000	0.9999493	0.1392101	0.9607494	0.5560114	0.4220362	0.9955342	0.2440536	0.6212398	0.0561719
150	1.0000000	0.9999601	0.1310822	0.9699237	0.5874889	0.4234092	0.9956539	0.2440265	0.6218906	0.0561719
200	1.0000000	0.9999617	0.1282334	0.9760205	0.6144717	0.4249292	0.9957361	0.2440128	0.6250567	0.0561719
250	1.0000000	0.9999619	0.1272350	0.9794970	0.6337177	0.4261480	0.9957880	0.2440069	0.6284386	0.0561719
300	1.0000000	0.9999619	0.1268850	0.9813250	0.6460387	0.4269625	0.9958184	0.2440045	0.6310905	0.0561719
350	1.0000000	0.9999619	0.1267624	0.9822400	0.6533922	0.4274486	0.9958352	0.2440036	0.6328753	0.0561719
400	1.0000000	0.9999619	0.1267194	0.9826831	0.6575721	0.4277176	0.9958439	0.2440033	0.6339690	0.0561719
450	1.0000000	0.9999619	0.1267043	0.9828924	0.6598647	0.4278588	0.9958483	0.2440032	0.6345977	0.0561719
500	1.0000000	0.9999619	0.1266990	0.9829895	0.6610886	0.4279300	0.9958504	0.2440031	0.6349428	0.0561719
550	1.0000000	0.9994518	0.1928632	0.9807159	0.6534066	0.4279319	0.9958421	0.2440209	0.6524655	0.0561719
600	1.0000000	0.9993775	0.2160530	0.9730036	0.6260509	0.4275387	0.9957862	0.2440590	0.6587054	0.0561719
650	1.0000000	0.9993667	0.2241807	0.9641138	0.5941832	0.4265098	0.9956782	0.2440861	0.6588055	0.0561719
700	1.0000000	0.9993652	0.2270294	0.9571506	0.5681023	0.4251369	0.9955588	0.2440998	0.6559450	0.0561719
750	1.0000000	0.9993649	0.2280278	0.9526778	0.5499943	0.4238383	0.9954630	0.2441058	0.6523640	0.0561719
800	1.0000000	0.9993649	0.2283778	0.9501244	0.5385534	0.4228443	0.9953994	0.2441082	0.6492585	0.0561719
850	1.0000000	0.9993649	0.2285004	0.9487734	0.5317583	0.4221843	0.9953620	0.2441091	0.6470034	0.0561719
900	1.0000000	0.9993649	0.2285434	0.9480946	0.5278968	0.4217880	0.9953417	0.2441094	0.6455376	0.0561719
950	1.0000000	0.9993649	0.2285585	0.9477659	0.5257743	0.4215669	0.9953313	0.2441095	0.6446551	0.0561719
1000	1.0000000	0.9993649	0.2285637	0.9476110	0.5246376	0.4214501	0.9953262	0.2441096	0.6441529	0.0561719

0	1.0000000	0.9993649	0.2285666	0.9474730	0.5232974	0.4213275	0.9953214	0.2441097	0.6435243	0.0561719
50	1.0000000	0.9996206	0.2285666	0.7776931	0.5687380	0.5164899	0.9949950	0.2441007	0.6258524	0.0561719
100	1.0000000	0.9996578	0.2285666	0.7249474	0.5803415	0.5244865	0.9941822	0.2440816	0.5827590	0.0561719
150	1.0000000	0.9996632	0.2285666	0.7085609	0.5801856	0.5134727	0.9935256	0.2440680	0.5475532	0.0561719
200	1.0000000	0.9996640	0.2285666	0.7034701	0.5778816	0.5044724	0.9931764	0.2440611	0.5267667	0.0561719
250	1.0000000	0.9996641	0.2285666	0.7018886	0.5760278	0.4997546	0.9930264	0.2440581	0.5160707	0.0561719
300	1.0000000	0.9996641	0.2285666	0.7013972	0.5749076	0.4976782	0.9929692	0.2440569	0.5109536	0.0561719
350	1.0000000	0.9996641	0.2285666	0.7012446	0.5743041	0.4968462	0.9929490	0.2440565	0.5086104	0.0561719
400	1.0000000	0.9996641	0.2285666	0.7011972	0.5739974	0.4965316	0.9929421	0.2440563	0.5075674	0.0561719
450	1.0000000	0.9996641	0.2285666	0.7011824	0.5738467	0.4964172	0.9929398	0.2440562	0.5071118	0.0561719
500	1.0000000	0.9996641	0.2285666	0.7011779	0.5737742	0.4963767	0.9929391	0.2440562	0.5069154	0.0561719
550	1.0000000	0.9994084	0.2285666	0.8709608	0.5250859	0.4048782	0.9934851	0.2440651	0.5211148	0.0561719
600	1.0000000	0.9993712	0.2285666	0.9237078	0.5147187	0.4019653	0.9944227	0.2440842	0.5609450	0.0561719
650	1.0000000	0.9993658	0.2285666	0.9400949	0.5159932	0.4108383	0.9949592	0.2440978	0.5973450	0.0561719
700	1.0000000	0.9993650	0.2285666	0.9451860	0.5188379	0.4166915	0.9951885	0.2441047	0.6203083	0.0561719
750	1.0000000	0.9993649	0.2285666	0.9467677	0.5209252	0.4194714	0.9952753	0.2441077	0.6325803	0.0561719
800	1.0000000	0.9993649	0.2285666	0.9472590	0.5221453	0.4206298	0.9953061	0.2441089	0.6385840	0.0561719
850	1.0000000	0.9993649	0.2285666	0.9474117	0.5227921	0.4210787	0.9953166	0.2441093	0.6413714	0.0561719
900	1.0000000	0.9993649	0.2285666	0.9474591	0.5231179	0.4212449	0.9953200	0.2441095	0.6426233	0.0561719
950	1.0000000	0.9993649	0.2285666	0.9474739	0.5232771	0.4213044	0.9953212	0.2441096	0.6431734	0.0561719
1000	1.0000000	0.9993649	0.2285666	0.9474784	0.5233536	0.4213253	0.9953215	0.2441096	0.6434115	0.0561719

0	1.0000000	0.9993649	0.2285666	0.9474730	0.5232974	0.4213275	0.9953214	0.2441097	0.6435243	0.0561719
50	1.0000000	0.9998767	0.2285666	0.9474773	0.3508594	0.5952136	0.9953216	0.2440917	0.6435585	0.0561719
100	1.0000000	0.9999511	0.2285666	0.9474791	0.2707791	0.6461907	0.9953216	0.2440535	0.6435746	0.0561719
150	1.0000000	0.9999620	0.2285666	0.9474799	0.2335897	0.6611354	0.9953217	0.2440263	0.6435822	0.0561719
200	1.0000000	0.9999635	0.2285666	0.9474802	0.2163189	0.6655167	0.9953217	0.2440125	0.6435856	0.0561719
250	1.0000000	0.9999638	0.2285666	0.9474804	0.2082984	0.6668012	0.9953217	0.2440066	0.6435872	0.0561719
300	1.0000000	0.9999638	0.2285666	0.9474804	0.2045736	0.6671778	0.9953217	0.2440042	0.6435880	0.0561719
350	1.0000000	0.9999638	0.2285666	0.9474805	0.2028438	0.6672882	0.9953217	0.2440033	0.6435883	0.0561719
400	1.0000000	0.9999638	0.2285666	0.9474805	0.2020405	0.6673206	0.9953217	0.2440029	0.6435885	0.0561719
450	1.0000000	0.9999638	0.2285666	0.9474805	0.2016674	0.6673301	0.9953217	0.2440028	0.6435885	0.0561719
500	1.0000000	0.9999638	0.2285666	0.9474805	0.2014941	0.6673329	0.9953217	0.2440028	0.6435886	0.0561719
550	1.0000000	0.9994520	0.2285666	0.9474805	0.3739167	0.4934525	0.9953217	0.2440206	0.6435886	0.0561719
600	1.0000000	0.9993776	0.2285666	0.9474805	0.4539908	0.4424777	0.9953217	0.2440588	0.6435886	0.0561719
650	1.0000000	0.9993667	0.2285666	0.9474805	0.4911777	0.4275340	0.9953217	0.2440860	0.6435886	0.0561719
700	1.0000000	0.9993652	0.2285666	0.9474805	0.5084475	0.4231531	0.9953217	0.2440998	0.6435886	0.0561719
750	1.0000000	0.9993649	0.2285666	0.9474805	0.5164678	0.4218687	0.9953217	0.2441058	0.6435886	0.0561719
800	1.0000000	0.9993649	0.2285666	0.9474805	0.5201924	0.4214922	0.9953217	0.2441082	0.6435886	0.0561719
850	1.0000000	0.9993649	0.2285666	0.9474805	0.5219221	0.4213819	0.9953217	0.2441091	0.6435886	0.0561719
900	1.0000000	0.9993649	0.2285666	0.9474805	0.5227254	0.4213495	0.9953217	0.2441094	0.6435886	0.0561719
950	1.0000000	0.9993649	0.2285666	0.9474805	0.5230985	0.4213400	0.9953217	0.2441095	0.6435886	0.0561719
1000	1.0000000	0.9993649	0.2285666	0.9474805	0.5232718	0.4213372	0.9953217	0.2441096	0.6435886	0.0561719

0	1.0000000	0.9993649	0.2285666	0.9474730	0.5232974	0.4213275	0.9953214	0.2441097	0.6435243	0.0561719
50	1.0000000	0.9993649	0.2285666	0.9474773	0.5233612	0.4213323	0.9953216	0.1888877	0.6435585	0.0561719
100	1.0000000	0.9993649	0.2285666	0.9474791	0.5233925	0.4213344	0.9953216	0.1753602	0.6435746	0.0561719
150	1.0000000	0.9993649	0.2285666	0.9474799	0.5234078	0.4213354	0.9953217	0.1720464	0.6435822	0.0561719
200	1.0000000	0.9993649	0.2285666	0.9474802	0.5234151	0.4213358	0.9953217	0.1712346	0.6435856	0.0561719
250	1.0000000	0.9993649	0.2285666	0.9474804	0.5234187	0.4213359	0.9953217	0.1710357	0.6435872	0.0561719
300	1.0000000	0.9993649	0.2285666	0.9474804	0.5234204	0.4213360	0.9953217	0.1709870	0.6435880	0.0561719
350	1.0000000	0.9993649	0.2285666	0.9474805	0.5234212	0.4213361	0.9953217	0.1709751	0.6435883	0.0561719
400	1.0000000	0.9993649	0.2285666	0.9474805	0.5234216	0.4213361	0.9953217	0.1709722	0.6435885	0.0561719
450	1.0000000	0.9993649	0.2285666	0.9474805	0.5234218	0.4213361	0.9953217	0.1709715	0.6435885	0.0561719
500	1.0000000	0.9993649	0.2285666	0.9474805	0.5234219	0.4213361	0.9953217	0.1709713	0.6435886	0.0561719
550	1.0000000	0.9993649	0.2285666	0.9474805	0.5234219	0.4213361	0.9953217	0.2261932	0.6435886	0.0561719
600	1.0000000	0.9993649	0.2285666	0.9474805	0.5234220	0.4213361	0.9953217	0.2397207	0.6435886	0.0561719
650	1.0000000	0.9993649	0.2285666	0.9474805	0.5234220	0.4213361	0.9953217	0.2430345	0.6435886	0.0561719
700	1.0000000	0.9993649	0.2285666	0.9474805	0.5234220	0.4213361	0.9953217	0.2438462	0.6435886	0.0561719
750	1.0000000	0.9993649	0.2285666	0.9474805	0.5234220	0.4213361	0.9953217	0.2440451	0.6435886	0.0561719
800	1.0000000	0.9993649	0.2285666	0.9474805	0.5234220	0.4213361	0.9953217	0.2440938	0.6435886	0.0561719
850	1.0000000	0.9993649	0.2285666	0.9474805	0.5234220	0.4213361	0.9953217	0.2441057	0.6435886	0.0561719
900	1.0000000	0.9993649	0.2285666	0.9474805	0.5234220	0.4213361	0.9953217	0.2441087	0.6435886	0.0561719
950	1.0000000	0.9993649	0.2285666	0.9474805	0.5234220	0.4213361	0.9953217	0.2441094	0.6435886	0.0561719
1000	1.0000000	0.9993649	0.2285666	0.9474805	0.5234220	0.4213361	0.9953217	0.2441096	0.6435886	0.0561719

0	1.0000000	0.9993649	0.2285666	0.9474730	0.5232974	0.4213275	0.9953214	0.2441097	0.6435243	0.0561719
50	0.5513996	0.9993688	0.1955357	0.9501235	0.3785027	0.1697292	0.9988664	0.0872951	0.6516242	0.0291835
100	0.4421046	0.9983061	0.2708644	0.9524455	0.3142370	0.1106044	0.9996205	0.0578297	0.6823305	0.0259280
150	0.4154764	0.9956200	0.3786725	0.9398172	0.2668020	0.1095192	0.9996656	0.0584885	0.7226282	0.0354029
200	0.4089888	0.9916546	0.4595254	0.9086433	0.2178267	0.1211797	0.9991546	0.0634789	0.7567683	0.0541503
250	0.4074082	0.9878191	0.5066197	0.8686489	0.1743424	0.1310061	0.9977653	0.0674106	0.7789622	0.0747706
300	0.4070232	0.9850708	0.5312179	0.8318138	0.1415927	0.1361749	0.9956088	0.0699199	0.7907825	0.0909754
350	0.4069293	0.9834423	0.5434309	0.8039952	0.1192522	0.1377945	0.9933176	0.0714256	0.7959764	0.1013184
400	0.4069065	0.9825797	0.5493405	0.7854525	0.1048848	0.1375796	0.9914363	0.0722965	0.7977054	0.1071343
450	0.4069009	0.9821507	0.5521596	0.7740700	0.0959991	0.1367484	0.9901344	0.0727821	0.7979204	0.1101631
500	0.4068995	0.9819444	0.5534929	0.7674701	0.0906620	0.1359110	0.9893296	0.0730433	0.7976186	0.1116688
550	0.8554996	0.9857053	0.7188308	0.7475093	0.1829183	0.3686969	0.9554361	0.3604657	0.7706148	0.1036226
600	0.9647946	0.9952846	0.6054817	0.7153010	0.2144788	0.3945773	0.9268217	0.3593441	0.6956839	0.0735546
650	0.9914227	0.9981838	0.4492504	0.7227860	0.2318077	0.3789911	0.9370220	0.3130370	0.6231774	0.0619207
700	0.9979103	0.9989734	0.3441826	0.7690141	0.2582923	0.3702701	0.9645685	0.2796868	0.5779061	0.0581048
750	0.9994909	0.9992152	0.2861735	0.8256863	0.3001087	0.3757155	0.9823618	0.2614310	0.5628879	0.0568571
800	0.9998760	0.9993018	0.2565421	0.8725705	0.3511571	0.3878962	0.9901320	0.2523286	0.5696294	0.0564311
850	0.9999698	0.9993369	0.2419547	0.9043835	0.4009861	0.3996669	0.9931571	0.2479631	0.5862530	0.0562762
900	0.9999926	0.9993522	0.2349156	0.9237129	0.4421480	0.4083236	0.9943537	0.2459060	0.6037782	0.0562160
950	0.9999982	0.9993591	0.2315592	0.9347334	0.4723139	0.4138909	0.9948619	0.2449447	0.6179765	0.0561913
1000	0.9999996	0.9993622	0.2299713	0.9407789	0.4926131	0.4172126	0.9950948	0.2444973	0.6279872	0.0561806

0	1.0000000	0.9993649	0.2285666	0.9474730	0.5232974	0.4213275	0.9953214	0.2441097	0.6435243	0.0561719
50	1.0000000	0.9993649	0.2285666	0.9474773	0.5233612	0.3673199	0.9555704	0.2441096	0.3454640	0.0561719
100	1.0000000	0.9993649	0.2285666	0.9474791	0.5233925	0.3514877	0.9471936	0.2441096	0.2212329	0.0561719
150	1.0000000	0.9993649	0.2285666	0.9474799	0.5234078	0.3468466	0.9454283	0.2441096	0.1694536	0.0561719
200	1.0000000	0.9993649	0.2285666	0.9474802	0.5234151	0.3454861	0.9450563	0.2441096	0.1478721	0.0561719
250	1.0000000	0.9993649	0.2285666	0.9474804	0.5234187	0.3450873	0.9449779	0.2441096	0.1388769	0.0561719
300	1.0000000	0.9993649	0.2285666	0.9474804	0.5234204	0.3449704	0.9449614	0.2441096	0.1351278	0.0561719
350	1.0000000	0.9993649	0.2285666	0.9474805	0.5234212	0.3449362	0.9449579	0.2441096	0.1335651	0.0561719
400	1.0000000	0.9993649	0.2285666	0.9474805	0.5234216	0.3449261	0.9449572	0.2441096	0.1329138	0.0561719
450	1.0000000	0.9993649	0.2285666	0.9474805	0.5234218	0.3449232	0.9449570	0.2441096	0.1326423	0.0561719
500	1.0000000	0.9993649	0.2285666	0.9474805	0.5234219	0.3449223	0.9449570	0.2441096	0.1325292	0.0561719
550	1.0000000	0.9993649	0.2285666	0.9474805	0.5234219	0.3989346	0.9847081	0.2441096	0.4305791	0.0561719
600	1.0000000	0.9993649	0.2285666	0.9474805	0.5234220	0.4147689	0.9930850	0.2441096	0.5548063	0.0561719
650	1.0000000	0.9993649	0.2285666	0.9474805	0.5234220	0.4194108	0.9948503	0.2441096	0.6065841	0.0561719
700	1.0000000	0.9993649	0.2285666	0.9474805	0.5234220	0.4207717	0.9952224	0.2441096	0.6281651	0.0561719
750	1.0000000	0.9993649	0.2285666	0.9474805	0.5234220	0.4211706	0.9953008	0.2441096	0.6371601	0.0561719
800	1.0000000	0.9993649	0.2285666	0.9474805	0.5234220	0.4212876	0.9953173	0.2441096	0.6409092	0.0561719
850	1.0000000	0.9993649	0.2285666	0.9474805	0.5234220	0.4213219	0.9953208	0.2441096	0.6424718	0.0561719
900	1.0000000	0.9993649	0.2285666	0.9474805	0.5234220	0.4213319	0.9953215	0.2441096	0.6431231	0.0561719
950	1.0000000	0.9993649	0.2285666	0.9474805	0.5234220	0.4213349	0.9953216	0.2441096	0.6433946	0.0561719
1000	1.0000000	0.9993649	0.2285666	0.9474805	0.5234220	0.4213357	0.9953217	0.2441096	0.6435077	0.0561719

0	1.0000000	0.9993649	0.2285666	0.9474730	0.5232974	0.4213275	0.9953214	0.2441097	0.6435243	0.0561719
50	1.0000000	0.9996204	0.2285666	0.9474773	0.5702509	0.4213323	0.8354675	0.2441007	0.6435585	0.0148175
100	1.0000000	0.9996575	0.2285666	0.9474791	0.5920578	0.4213344	0.8017808	0.2440816	0.6435746	0.0042033
150	1.0000000	0.9996629	0.2285666	0.9474799	0.6021857	0.4213354	0.7946819	0.2440680	0.6435822	0.0014790
200	1.0000000	0.9996637	0.2285666	0.9474802	0.6068894	0.4213358	0.7931860	0.2440611	0.6435856	0.0007797
250	1.0000000	0.9996638	0.2285666	0.9474804	0.6090739	0.4213359	0.7928707	0.2440581	0.6435872	0.0006003
300	1.0000000	0.9996638	0.2285666	0.9474804	0.6100885	0.4213360	0.7928043	0.2440569	0.6435880	0.0005542
350	1.0000000	0.9996638	0.2285666	0.9474805	0.6105597	0.4213361	0.7927903	0.2440565	0.6435883	0.0005424
400	1.0000000	0.9996638	0.2285666	0.9474805	0.6107785	0.4213361	0.7927873	0.2440563	0.6435885	0.0005394
450	1.0000000	0.9996638	0.2285666	0.9474805	0.6108802	0.4213361	0.7927867	0.2440563	0.6435885	0.0005386
500	1.0000000	0.9996638	0.2285666	0.9474805	0.6109274	0.4213361	0.7927866	0.2440562	0.6435886	0.0005384
550	1.0000000	0.9994084	0.2285666	0.9474805	0.5640600	0.4213361	0.9526406	0.2440652	0.6435886	0.0418927
600	1.0000000	0.9993712	0.2285666	0.9474805	0.5422946	0.4213361	0.9863273	0.2440843	0.6435886	0.0525069
650	1.0000000	0.9993658	0.2285666	0.9474805	0.5321865	0.4213361	0.9934263	0.2440978	0.6435886	0.0552312
700	1.0000000	0.9993650	0.2285666	0.9474805	0.5274923	0.4213361	0.9949223	0.2441047	0.6435886	0.0559305
750	1.0000000	0.9993649	0.2285666	0.9474805	0.5253123	0.4213361	0.9952375	0.2441077	0.6435886	0.0561099
800	1.0000000	0.9993649	0.2285666	0.9474805	0.5242998	0.4213361	0.9953039	0.2441089	0.6435886	0.0561560
850	1.0000000	0.9993649	0.2285666	0.9474805	0.5238297	0.4213361	0.9953179	0.2441093	0.6435886	0.0561678
900	1.0000000	0.9993649	0.2285666	0.9474805	0.5236113	0.4213361	0.9953209	0.2441095	0.6435886	0.0561709
950	1.0000000	0.9993649	0.2285666	0.9474805	0.5235099	0.4213361	0.9953215	0.2441096	0.6435886	0.0561716
1000	1.0000000	0.9993649	0.2285666	0.9474805	0.5234628	0.4213361	0.9953216	0.2441096	0.6435886	0.0561718

0	1.0000000	0.9993649	0.2285666	0.9474730	0.5232974	0.4213275	0.9953214	0.2441097	0.6435243	0.0561719
50	0.3403844	0.9991063	0.2081721	0.9499730	0.5284422	0.4307705	0.9953710	0.2750379	0.6560084	0.0159097
100	0.1796786	0.9946762	0.3425020	0.9483030	0.5270903	0.4709449	0.9953325	0.3761347	0.7084851	0.0168764
150	0.1405249	0.9639038	0.4853906	0.9209305	0.4840209	0.5370100	0.9941298	0.4779692	0.7847570	0.1062969
200	0.1309857	0.8505962	0.5598149	0.8699676	0.4196041	0.6069689	0.9885620	0.5436885	0.8539008	0.3508683
250	0.1286616	0.6778181	0.5907894	0.8177215	0.3623981	0.6596681	0.9771186	0.5964209	0.9020043	0.5560336
300	0.1280954	0.5481254	0.6028489	0.7784158	0.3202243	0.6895404	0.9638347	0.6740329	0.9309424	0.6525496
350	0.1279574	0.4800798	0.6074581	0.7535387	0.2916499	0.7025586	0.9530851	0.7747537	0.9470121	0.6906032
400	0.1279238	0.4485874	0.6092189	0.7393443	0.2733173	0.7066371	0.9460991	0.8559358	0.9555292	0.7051518
450	0.1279156	0.4343956	0.6098973	0.7317688	0.2620636	0.7071084	0.9421267	0.9028775	0.9599118	0.7108354
500	0.1279136	0.4279729	0.6101621	0.7279062	0.2554124	0.7065602	0.9400473	0.9261627	0.9621218	0.7131441
550	0.7875287	0.7109487	0.8470432	0.7063042	0.2458120	0.6217516	0.9183100	0.9045308	0.9249468	0.6124418
600	0.9482344	0.9497375	0.7755747	0.6576382	0.2275568	0.4815743	0.8570543	0.6730031	0.8001061	0.2224846
650	0.9873881	0.9909840	0.5652433	0.6472347	0.2155102	0.3940168	0.8542213	0.4443683	0.6750129	0.1015749
700	0.9969273	0.9977825	0.4062781	0.6933337	0.2224091	0.3551483	0.9136431	0.3302030	0.5912881	0.0685991
750	0.9992514	0.9989912	0.3167082	0.7661926	0.2535416	0.3526031	0.9615956	0.2808140	0.5524173	0.0596568
800	0.9998176	0.9992484	0.2710626	0.8333847	0.3038326	0.3682474	0.9830170	0.2599253	0.5485836	0.0571923
850	0.9999556	0.9993200	0.2487629	0.8813452	0.3606580	0.3864649	0.9907810	0.2510222	0.5646319	0.0564901
900	0.9999892	0.9993456	0.2380882	0.9110446	0.4120053	0.4004691	0.9935119	0.2471708	0.5865191	0.0562792
950	0.9999974	0.9993562	0.2330337	0.9280273	0.4518280	0.4095163	0.9945335	0.2454800	0.6060181	0.0562113
1000	0.9999994	0.9993609	0.2306557	0.9373070	0.4796115	0.4148649	0.9949541	0.2447283	0.6204076	0.0561875
