0	0.116404	0.7669206	0.1136369	0.7344571	0.7833056
50	0.0825228	0.8192615	0.1294673	0.6362785	0.6218268
100	0.0390723	0.6669975	0.0894131	0.710425	0.4828167
150	0.0670795	0.8550089	0.1475168	0.6583204	0.5737162
200	0.0883023	0.6632848	0.096963	0.770968	0.5347378
250	0.0648396	0.6538961	0.1270699	0.7618256	0.4727448
300	0.0840607	0.8186752	0.1168168	0.7184979	0.5160564
350	0.0812894	0.6897753	0.0717663	0.7202458	0.558764
400	0.0951586	0.684097	0.0517359	0.7109376	0.5683344
450	0.1426902	0.909546	0.076252	0.6620884	0.6976127
500	0.0675619	0.9286531	0.0576994	0.8235651	0.5303265
550	0.0654284	0.825947	0.0736737	0.7253114	0.6767273
600	0.0469756	0.8921679	0.0614669	0.8711637	0.7004673
650	0.0656071	0.8491547	0.0989099	0.8277441	0.7603575
700	0.0805592	0.7627765	0.0654056	0.7637983	0.7068291
750	0.0659652	0.7167162	0.0892687	0.8723858	0.5686832
800	0.0535813	0.7583313	0.179189	0.94103	0.7992892
850	0.1151717	0.7322252	0.0685886	0.6182973	0.8154666
900	0.0608785	0.6542144	0.0753273	0.7345899	0.9131681
950	0.0767582	0.6834004	0.0653745	0.7693779	0.8660096
1000	0.0733204	0.8120367	0.0890684	0.74597	0.794033
					
0	0.0806974	0.6578665	0.0927803	0.7469437	0.8181804
50	0.0911391	0.7314598	0.082843	0.8378004	0.7086251
100	0.0824859	0.5880311	0.0320815	0.7806474	0.6605209
150	0.0935212	0.7025176	0.0501293	0.8467502	0.717131
200	0.0585387	0.8430281	0.0886927	0.7671929	0.6575151
250	0.0460744	0.6969786	0.0777351	0.7985248	0.822843
300	0.0803154	0.7344642	0.0550629	0.6971297	0.8034526
350	0.0617369	0.732194	0.0513947	0.7207341	0.6560238
400	0.0587515	0.9959938	0.0386819	0.8048366	0.8721182
450	0.0676334	0.9092286	0.0601211	0.8076721	0.6928915
500	0.0666776	0.7020467	0.1138899	0.7351163	0.7730658
550	0.0956467	0.6626706	0.0584771	0.8226656	0.9563486
600	0.0638935	0.7385021	0.064725	0.6273107	0.9787147
650	0.1024486	0.7825768	0.0870506	0.7020047	0.796744
700	0.0823181	0.8023431	0.110581	0.7118627	0.6683782
750	0.0867558	0.734095	0.1265721	0.7860395	0.8701145
800	0.0929422	0.8048028	0.119649	0.7436913	0.6698301
850	0.1677441	0.8424876	0.0617607	0.7379322	0.8559221
900	0.0656746	0.797805	0.0536736	0.7540262	0.7152422
950	0.0904914	0.7465387	0.051965	0.8320903	0.7439374
1000	0.084637	0.8114603	0.086073	0.6991225	0.7689808
					
0	0.0642833	0.8084744	0.0768121	0.734699	0.726953
50	0.0588834	0.8531623	0.0883347	0.8130437	0.6940242
100	0.0651572	0.8170641	0.0804571	0.671907	0.691633
150	0.0588995	0.7081818	0.0811929	0.7392981	0.7695875
200	0.0788567	0.7145641	0.1358241	0.7389347	0.8431575
250	0.0987915	0.7376441	0.0641647	0.7967984	0.6683611
300	0.0761233	0.8089883	0.107368	0.8846721	0.7569192
350	0.0903235	0.6452611	0.1315604	0.866651	0.7774253
400	0.0812562	0.8652406	0.0611419	0.7502284	0.7563545
450	0.0324903	0.91417	0.0760672	0.7937282	0.8276039
500	0.0342394	0.7295079	0.0919235	0.7594131	0.675809
550	0.0739802	0.6906869	0.0874173	0.8069644	0.8379951
600	0.1026059	0.7815422	0.0508668	0.6682971	0.7037097
650	0.100862	0.7383465	0.0834418	0.7640547	0.7173052
700	0.0403594	0.6993622	0.1039975	0.8302877	0.7153169
750	0.0764784	0.6680128	0.0721495	0.7027485	0.8005838
800	0.0973013	0.7817118	0.0497804	0.6595324	0.8024262
850	0.0427049	0.7111609	0.0550924	0.8294569	0.7370809
900	0.0668437	0.8722928	0.0535082	0.7744257	0.6579535
950	0.0485211	0.7066842	0.1112311	0.8616754	0.7202807
1000	0.0334292	0.7474789	0.0810052	0.7948504	0.5853807
					
0	0.0809771	0.733684	0.0889849	0.7030635	0.8031581
50	0.0296383	0.4444816	0.0583763	0.869064	0.6100135
100	0.0093079	0.3844462	0.2055637	0.602183	0.7021715
150	0.0011666	0.4409447	0.3834969	0.8955374	0.7757813
200	0.0055395	0.317205	0.5955243	0.7777364	0.8185788
250	0.0018081	0.280531	0.5644866	0.7084495	0.6920952
300	0.0073063	0.3410622	0.7681697	0.8299614	0.7197987
350	0.0019888	0.3793258	0.6282925	0.9341696	0.6699909
400	0.0084745	0.2901837	0.6855139	0.7442062	0.7258794
450	0.0043967	0.290638	0.6416794	0.7035608	0.7617726
500	0.0045116	0.2480314	0.7602924	0.6129201	0.7238718
550	0.044182	0.7032293	0.569053	0.6901731	0.7512895
600	0.114809	0.709067	0.181002	0.6425637	0.7427449
650	0.0859018	0.8532142	0.1356543	0.8392579	0.7172195
700	0.0434585	0.7873719	0.1481753	0.7374077	0.8798562
750	0.1220499	0.703459	0.0592497	0.7392435	0.7077658
800	0.109465	0.719264	0.0911108	0.8380206	0.7773687
850	0.0664124	0.8017425	0.0804291	0.6917586	0.8221057
900	0.1044616	0.7805817	0.1208762	0.7380109	0.8089709
950	0.0847794	0.7801662	0.1296912	0.6796351	0.9269534
1000	0.0640783	0.6678693	0.0799616	0.8443805	0.8158181
					
0	0.0955492	0.8090119	0.1019911	0.77104	0.7387416
50	0.0863571	0.6682469	0.0434501	0.7710188	0.4184897
100	0.0646162	0.6250621	0.0562529	0.6452855	0.2601694
150	0.0646457	0.6530834	0.0770711	0.7090531	0.2695146
200	0.0251752	0.8082532	0.1275976	0.780697	0.2198795
250	0.1340263	0.7529639	0.0521951	0.9217303	0.2043145
300	0.0662359	0.7770978	0.0680247	0.7013807	0.2104149
350	0.0981162	0.6322688	0.0717876	0.6337689	0.2207233
400	0.0687262	0.9012861	0.0701213	0.7986437	0.2950358
450	0.0752815	0.8745811	0.0613624	0.7529305	0.2449829
500	0.0503746	0.8265867	0.0786025	0.8058228	0.1567352
550	0.1060421	0.743537	0.0573967	0.7786339	0.4983807
600	0.0666045	0.8461028	0.0566753	0.6230706	0.7475
650	0.066618	0.7342242	0.0882611	0.6016736	0.7005423
700	0.0620056	0.7069828	0.0860845	0.6762096	0.7205503
750	0.0765184	0.7589914	0.1046717	0.8781216	0.7875337
800	0.0527618	0.7349286	0.0542393	0.7230813	0.8057802
850	0.0765435	0.7155775	0.0983525	0.6742077	0.9242925
900	0.0902065	0.8145712	0.0634674	0.770485	0.8662924
950	0.0794893	0.813326	0.0624457	0.6896295	0.7660646
1000	0.1055785	0.7210988	0.090739	0.9891281	0.6407796
					
0	0.0958707	0.9045035	0.0946646	0.6777453	0.7515719
50	0.0135437	0.499337	0.1123655	0.7966847	0.7643292
100	0.0020459	0.369862	0.1689377	0.8471938	0.8290021
150	0.0042972	0.3797474	0.4442455	0.7889805	0.7613328
200	0.0073641	0.4320294	0.5717345	0.8324413	0.7138062
250	0.0050118	0.3631544	0.7146976	0.8580822	0.7841638
300	0.0246507	0.4122759	0.7143341	0.9760759	0.6521135
350	0.0059153	0.3013013	0.580866	0.7763586	0.720239
400	0.0122652	0.4203548	0.5121463	0.8718895	0.76563
450	0.006339	0.4361612	0.5652095	0.8965567	0.8061312
500	0.0031785	0.3727602	0.6200089	0.8915494	0.7203317
550	0.0779834	0.8056817	0.4313878	0.7147838	0.6948219
600	0.0745239	0.6380345	0.153445	0.6355475	0.7468505
650	0.0465337	0.7045629	0.1299941	0.677623	0.711398
700	0.076095	0.6551176	0.101596	0.8495472	0.6789136
750	0.0562417	0.7873047	0.0581494	0.6569011	0.8177925
800	0.0545845	0.7157582	0.086213	0.7320996	0.7731223
850	0.0533204	0.7189852	0.104734	0.7354527	0.7260479
900	0.0450231	0.8198494	0.078974	0.7931737	0.6920607
950	0.0815497	0.7576599	0.1158512	0.7743936	0.8580484
1000	0.0864438	0.6173004	0.098086	0.6447649	0.6695145
					
0	0.0595848	0.7820524	0.0669473	0.7217491	0.7721295
50	0.0230963	0.7635646	0.0901587	0.6635752	0.2458065
100	0.0087448	0.6888948	0.0758673	0.8261221	0.1053549
150	0.0002521	0.6396687	0.1035615	0.6428198	0.1255333
200	0.0015495	0.6557728	0.2385319	0.6817501	0.0636253
250	0.0064571	0.6609525	0.356571	0.774919	0.0860643
300	0.0032806	0.7491416	0.4559713	0.6594972	0.0636681
350	0.0054373	0.7206411	0.5850131	0.6579081	0.0449607
400	0.0009467	0.6287833	0.4995002	0.8275984	0.0654313
450	0.000742	0.5803137	0.5863455	0.8264807	0.0609771
500	0.0038801	0.7291363	0.7541272	0.6400585	0.1110007
550	0.0537797	0.8138556	0.3228208	0.727702	0.4587212
600	0.0701919	0.9146006	0.1719468	0.7562807	0.5811096
650	0.071916	0.6374001	0.1668461	0.6575136	0.7076607
700	0.0497842	0.8100433	0.0955129	0.8705192	0.737534
750	0.0827974	0.8437444	0.0829835	0.8308754	0.6539239
800	0.0625463	0.7443285	0.1091253	0.7481982	0.7805196
850	0.0889782	0.6616131	0.1024692	0.8864826	0.6683125
900	0.0912373	0.7556806	0.0941279	0.7299304	0.7742292
950	0.069513	0.7523742	0.0649248	0.7956319	0.72856
1000	0.0993539	0.7645	0.0676666	0.7737839	0.7347267
					
0	0.070662	0.8405128	0.0851297	0.8235566	0.6970683
50	0.0380362	0.6856855	0.1071591	0.713448	0.3570947
100	0.0277851	0.6898037	0.118194	0.739261	0.1929558
150	0.0109773	0.6917117	0.0919406	0.6938948	0.0913376
200	0.0176365	0.7016033	0.0916187	0.736882	0.1385144
250	0.0243321	0.7724117	0.1484536	0.8365683	0.1310407
300	0.0261477	0.9030215	0.0863131	0.8219151	0.1081387
350	0.0486599	0.7964216	0.0836181	0.8825297	0.0710845
400	0.0164298	0.8056788	0.1172342	0.8672049	0.1078751
450	0.0253434	0.8078761	0.0717613	0.7175198	0.0672233
500	0.0193015	0.6939309	0.1273345	0.7083833	0.0614566
550	0.0299388	0.8311965	0.1198564	0.7462592	0.6163848
600	0.0316936	0.9013793	0.071717	0.6866499	0.6650803
650	0.0815527	0.8448442	0.0959468	0.6703728	0.811133
700	0.0942331	0.7481778	0.0523193	0.705257	0.8850277
750	0.1601456	0.6711715	0.0673573	0.7478101	0.8172283
800	0.0599404	0.7285788	0.0564617	0.882529	0.7368096
850	0.064497	0.7992963	0.0872192	0.7147489	0.706967
900	0.0915128	0.7908153	0.0686977	0.8883335	0.592632
950	0.0890372	0.6333006	0.0655118	0.8129502	0.852572
1000	0.0730464	0.7723831	0.1122472	0.8320978	0.7923524
					
0	0.1060792	0.8906621	0.1393346	0.8543985	0.7770074
50	0.0593278	0.9957019	0.1054863	0.7773508	0.7275819
100	0.0897703	0.7384073	0.0663038	0.7123149	0.6878461
150	0.0582339	0.8827822	0.0965957	0.727459	0.6357219
200	0.0384353	0.808502	0.1175292	0.6953611	0.6518034
250	0.0642853	0.7887108	0.1193706	0.5974721	0.7911125
300	0.1188374	0.9484581	0.0742793	0.5523456	0.8348401
350	0.0593024	0.8281844	0.0981678	0.82363	0.7509872
400	0.0718631	0.7180109	0.0712129	0.6243899	0.8278471
450	0.0954561	0.7376086	0.0589498	0.7785017	0.7836578
500	0.117464	0.8452641	0.0878781	0.7167114	0.7821334
550	0.0584658	0.7745927	0.0657678	0.6987482	0.8171625
600	0.0498259	0.7765131	0.0694399	0.6748261	0.8020244
650	0.1176579	0.7199786	0.0565652	0.5744855	0.7200195
700	0.0447979	0.7248199	0.1112783	0.8257892	0.6932927
750	0.0677022	0.8012614	0.0682542	0.7617497	0.8016228
800	0.0759341	0.7422346	0.081247	0.6839425	0.7599067
850	0.0681225	0.8518037	0.0739532	0.8865938	0.7739241
900	0.054136	0.7757531	0.0556867	0.6313738	0.8413711
950	0.0864975	0.7781944	0.0651646	0.7233296	0.7172954
1000	0.0760255	0.7761735	0.049786	0.8391867	0.8441076
					
0	0.0590067	0.8313036	0.0915164	0.7707059	0.7665732
50	0.0634319	0.8988535	0.0608314	0.7237823	0.5067411
100	0.1006768	0.7000778	0.1051543	0.7397574	0.4703644
150	0.0568504	0.7029729	0.0662322	0.7147162	0.4714466
200	0.0404154	0.7786859	0.083813	0.8176464	0.3765879
250	0.0625099	0.6836323	0.0626274	0.9319813	0.4794078
300	0.0996488	0.7612532	0.1160504	0.7541828	0.4810157
350	0.0819422	0.7448295	0.0734321	0.7933599	0.4835271
400	0.0524331	0.8433711	0.0459123	0.8230687	0.419225
450	0.0858338	0.7721761	0.0600713	0.8202412	0.4193048
500	0.0510362	0.8174229	0.0533464	0.7476351	0.4045913
550	0.0518144	0.7414494	0.1124553	0.7318714	0.5804942
600	0.0558281	0.7094022	0.142421	0.7873845	0.7383861
650	0.0619504	0.7861612	0.0917578	0.7917428	0.8420123
700	0.0391702	0.7534177	0.0795579	0.800084	0.9089897
750	0.0551409	0.689825	0.0713719	0.7404639	0.8361259
800	0.0557934	0.7007523	0.1060442	0.7151876	0.7657333
850	0.0415627	0.8341053	0.0787467	0.7465975	0.757961
900	0.0925594	0.8018887	0.1056687	0.7260929	0.6713525
950	0.0630895	0.7744399	0.0854181	0.8383945	0.6678221
1000	0.0652487	0.8246415	0.1111559	0.8784097	0.8210208
					
0	0.0648157	0.8542551	0.0753668	0.7393218	0.7942288
50	0.1078291	0.8213045	0.0819398	0.7400213	0.293595
100	0.0713293	0.9056242	0.0625028	0.8708912	0.1112767
150	0.0756819	0.775139	0.0495597	0.7169463	0.0375905
200	0.0579896	0.7538003	0.1006414	0.7731698	0.0324704
250	0.0787092	0.6179024	0.0362001	0.950255	0.0603783
300	0.0546129	0.6795018	0.0804174	0.8302741	0.0185475
350	0.0856754	0.7175066	0.0883441	0.8163425	0.0064251
400	0.048313	0.9296596	0.0828595	0.7868873	0.0066629
450	0.0837029	0.8126429	0.0574633	0.7586456	0.0037754
500	0.0558511	0.7180183	0.0865963	0.8222644	0.0233376
550	0.0578783	0.6845501	0.1134593	0.7530717	0.535061
600	0.0439731	0.7785325	0.0719373	0.6393968	0.6939337
650	0.1117799	0.829809	0.0948523	0.8170263	0.5980693
700	0.0607144	0.7745375	0.0763801	0.7430628	0.7414986
750	0.0599283	0.6959191	0.067105	0.9439284	0.7402232
800	0.0818377	0.7234492	0.1128782	0.7538117	0.7020755
850	0.0580436	0.725514	0.0827385	0.7724693	0.6705044
900	0.1068354	0.7220867	0.0471809	0.7170585	0.5447981
950	0.0981783	0.7894741	0.0841676	0.7947243	0.77806
1000	0.0670908	0.8396804	0.0587366	0.6065812	0.7797908
					
0	0.1158031	0.7348275	0.1031463	0.7666915	0.6795156
50	0.01923	0.8207499	0.0734674	0.6425653	0.6994601
100	0.0069525	0.6668554	0.0986842	0.7115818	0.7786476
150	0.0147277	0.7716518	0.0919059	0.7939226	0.8393322
200	0.0005894	0.7516421	0.2184391	0.7161626	0.7310507
250	0.0000905	0.8128357	0.2697403	0.8670549	0.7111007
300	0	0.8061454	0.2689486	0.7452221	0.8266094
350	0.0000026	0.7079226	0.5142717	0.5470631	0.7739379
400	0	0.6328298	0.5785505	0.7211727	0.8472837
450	0	0.8382057	0.6902142	0.7444049	0.6708918
500	0.0020933	0.665149	0.6241263	0.7415189	0.7498123
550	0.0258216	0.7231012	0.4324225	0.778723	0.7687895
600	0.08943	0.6321949	0.1703437	0.6479202	0.7131013
650	0.0917319	0.7503847	0.1138063	0.7219409	0.9635684
700	0.0976563	0.7864161	0.0835363	0.8404078	0.8896933
750	0.0551341	0.8678699	0.1041546	0.7284127	0.9576562
800	0.0808089	0.8125247	0.1607081	0.8538062	0.8718606
850	0.0866223	0.736356	0.1335709	0.7793153	0.8630291
900	0.0900144	0.740042	0.0527288	0.7868447	0.5887584
950	0.0893949	0.7827221	0.1106542	0.9759916	0.6438358
1000	0.0773798	0.6973318	0.038874	0.6659519	0.6837992
					
0	0.1078444	0.7178296	0.0516639	0.7606919	0.6649244
50	0.0077239	0.8130791	0.0791017	0.8302592	0.5991466
100	0.000016	0.7913521	0.0954987	0.7471818	0.7205855
150	0.0001438	0.8080906	0.2042184	0.726439	0.5928884
200	0.0006464	0.6849116	0.366832	0.7180604	0.7212967
250	0.0003542	0.7938564	0.5017102	0.7319668	0.8405345
300	0.0000393	0.7092126	0.6633292	0.6518439	0.7851788
350	0.0011473	0.8228373	0.6168885	0.7032532	0.7379908
400	0.0006831	0.6862422	0.6725587	0.9483168	0.7394719
450	0.0003365	0.8749162	0.7066518	0.684004	0.79764
500	0.0001998	0.7556234	0.6981939	0.7239743	0.6671999
550	0.062003	0.9035588	0.3641381	0.7631837	0.6341289
600	0.1066119	0.7850387	0.2024793	0.6489203	0.7228326
650	0.0762939	0.7163669	0.109237	0.8870193	0.758739
700	0.0753065	0.6765129	0.0879886	0.7842936	0.8688075
750	0.0893276	0.781061	0.1144032	0.9769795	0.8273468
800	0.0763071	0.7826935	0.0907668	0.8287652	0.7650819
850	0.0534153	0.7608183	0.0600348	0.6699414	0.8049791
900	0.0737804	0.6904753	0.0678272	0.7323726	0.8964412
950	0.1006074	0.8170507	0.0945106	0.70963	0.7774862
1000	0.0400857	0.7652108	0.0684119	0.8673358	0.7390107
					
0	0.0775595	0.8341295	0.0615179	0.8481284	0.835634
50	0.0715956	0.6434112	0.0432825	0.2453081	0.6528827
100	0.0876441	0.666567	0.0293469	0.0922433	0.5918283
150	0.0685746	0.6913033	0.0134171	0.0825784	0.7542006
200	0.089578	0.6639879	0.0132163	0.0697278	0.5151726
250	0.0990509	0.7292655	0.0261253	0.125437	0.595735
300	0.1140993	0.922639	0.0044121	0.1049177	0.5568762
350	0.0833345	0.8764486	0.0111871	0.0509997	0.6521648
400	0.0467114	0.738119	0.0024197	0.1044108	0.7706316
450	0.0554108	0.717258	0.0012354	0.0857971	0.7324663
500	0.0739659	0.6240003	0.0084701	0.0871531	0.7081057
550	0.1253827	0.7689177	0.0675363	0.6630646	0.748573
600	0.1009027	0.7738095	0.0762398	0.734555	0.6842033
650	0.0886429	0.8221657	0.1410163	0.6516043	0.7233379
700	0.0461994	0.7657151	0.1379875	0.7975831	0.8310229
750	0.0310791	0.7029845	0.0699776	0.8131939	0.7470999
800	0.0998861	0.6026347	0.0708166	0.8861505	0.7324547
850	0.072807	0.7293425	0.1070106	0.7118318	0.6796451
900	0.094136	0.6968302	0.0865582	0.7505684	0.8252994
950	0.0727198	0.8289312	0.1144916	0.85643	0.7287604
1000	0.036283	0.7624454	0.1140981	0.7492081	0.7192078
					
0	0.0730504	0.6736703	0.0496391	0.9212312	0.6957455
50	0.0622207	0.6713347	0.0746882	0.6849639	0.4272536
100	0.0470542	0.811557	0.1142565	0.7882194	0.2139668
150	0.0809707	0.6883853	0.0591855	0.7573115	0.222292
200	0.0597654	0.8681879	0.0535548	0.773703	0.1539942
250	0.0866818	0.7540971	0.0571674	0.7395119	0.164608
300	0.0994157	0.7318102	0.0787634	0.8303446	0.1778493
350	0.0680288	0.835211	0.1110913	0.7269285	0.1607393
400	0.0750087	0.6619867	0.1211178	0.8956657	0.2091071
450	0.0992171	0.8187178	0.0847494	0.7626767	0.2355801
500	0.0620437	0.749617	0.0425344	0.7636486	0.1136665
550	0.0754459	0.7906397	0.0680989	0.7154437	0.5947144
600	0.0810998	0.7312276	0.0562076	0.6996931	0.6844082
650	0.0601492	0.8136717	0.1157867	0.764158	0.6457498
700	0.0706787	0.8012138	0.0812372	0.7887271	0.7023157
750	0.1045052	0.6401789	0.0658571	0.6968192	0.6503147
800	0.0823178	0.746326	0.1150901	0.7330497	0.7219186
850	0.0945164	0.6594481	0.0601088	0.662375	0.7092661
900	0.1257049	0.8611299	0.0972709	0.7904956	0.8604194
950	0.1021283	0.7474772	0.0600402	0.6649442	0.6157057
1000	0.0976391	0.7428836	0.062184	0.7120234	0.7286925
					
0	0.0775555	0.7592471	0.0813326	0.8165945	0.6825642
50	0.0234987	0.7565331	0.0107553	0.6936091	0.6775576
100	0.0057169	0.8164715	0.0153763	0.7475341	0.864302
150	0.0080671	0.7876332	0.0153801	0.7998982	0.789074
200	0.0041434	0.7281759	0.0389062	0.7136853	0.7343414
250	0.0003784	0.7378325	0.1230859	0.8120148	0.5992241
300	0.0002772	0.7550981	0.1408547	0.6761132	0.8018673
350	0.002346	0.8392495	0.1326489	0.7500545	0.691621
400	0.0004583	0.7196383	0.1064078	0.7091926	0.6609869
450	0.0010169	0.7264266	0.2792718	0.7571758	0.6814127
500	0.0019099	0.7650869	0.2467934	0.8266006	0.710648
550	0.0627344	0.90184	0.1989716	0.664547	0.7526919
600	0.0428706	0.6727329	0.1645751	0.8930238	0.7182368
650	0.0891399	0.8189757	0.0615791	0.7376657	0.7953518
700	0.0490221	0.7904586	0.0899499	0.7004542	0.822938
750	0.0555588	0.7865768	0.0749065	0.730436	0.8549132
800	0.0545474	0.8314488	0.0752797	0.8278796	0.7877241
850	0.0859186	0.7308908	0.0678192	0.6170241	0.8001002
900	0.0619162	0.8269764	0.0848907	0.7227708	0.6788596
950	0.1526588	0.7233345	0.0522797	0.5988452	0.76469
1000	0.0503964	0.7866024	0.0957121	0.7847522	0.7692857
					
0	0.0732868	0.8420166	0.1039054	0.8306461	0.761734
50	0.045873	0.6302892	0.0686899	0.1801334	0.569135
100	0.0181023	0.5930449	0.1054958	0.131261	0.3921824
150	0.0017911	0.5669472	0.1635361	0.1029045	0.4364664
200	0.001154	0.5129249	0.2689499	0.0672944	0.3662427
250	0.0015953	0.5148517	0.692838	0.0870693	0.4130104
300	0.0027846	0.680777	0.5801128	0.099615	0.3552614
350	0.0012514	0.5652208	0.6513344	0.084132	0.3257581
400	0.0033519	0.6787389	0.5581194	0.124166	0.452013
450	0.0005472	0.6044742	0.6674306	0.1439971	0.2268711
500	0.0052645	0.5986001	0.6575928	0.1273422	0.346971
550	0.0232517	0.7926626	0.3235298	0.7080537	0.599355
600	0.0479723	0.7568729	0.1948631	0.8324949	0.7053952
650	0.0737069	0.9510484	0.0843817	0.7136306	0.7708467
700	0.0462452	0.7873665	0.0584514	0.7802743	0.6386238
750	0.0650857	0.7065971	0.0849442	0.7608427	0.7187152
800	0.0967933	0.9649922	0.0949479	0.743928	0.6315225
850	0.0748745	0.704086	0.1127969	0.7199858	0.7702004
900	0.1275151	0.7598179	0.058502	0.7350202	0.7196494
950	0.1159593	0.6109618	0.1262338	0.9027952	0.8574419
1000	0.0376848	0.7327404	0.0855111	0.8499538	0.7968681
					
0	0.0898841	0.7811092	0.116507	0.7499547	0.7164474
50	0.0428281	0.5510237	0.0922924	0.7130871	0.6581796
100	0.0805408	0.507898	0.1353301	0.7732428	0.5233774
150	0.0725058	0.458722	0.1301859	0.754897	0.5418254
200	0.0685983	0.5031671	0.1392987	0.7586135	0.6114658
250	0.0728992	0.395541	0.1204444	0.803629	0.6474988
300	0.0627769	0.528894	0.1271277	0.8216166	0.5633485
350	0.102189	0.4956002	0.2057445	0.7409089	0.5464104
400	0.0574541	0.4149617	0.1758596	0.7261348	0.5080088
450	0.0905338	0.4147455	0.141585	0.7170381	0.492952
500	0.0688397	0.3713711	0.1904817	0.6033703	0.56423
550	0.0614505	0.6963557	0.1560079	0.678057	0.8845556
600	0.0820279	0.6197594	0.1437124	0.800095	0.6318171
650	0.0810732	0.8054847	0.087307	0.8093781	0.7417945
700	0.0553946	0.723464	0.1084472	0.9142227	0.7586083
750	0.0815545	0.8400549	0.0629279	0.7601107	0.7725562
800	0.0799892	0.6911371	0.0627241	0.6928326	0.7311917
850	0.0671278	0.6969553	0.0854592	0.7647298	0.8756779
900	0.0611606	0.7253783	0.0658809	0.7013252	0.7487309
950	0.0631385	0.6962852	0.0789735	0.659405	0.7102631
1000	0.0741123	0.7638368	0.0919886	0.80361	0.8136644
					
0	0.0492426	0.8045226	0.0982351	0.7945468	0.74807
50	0.0185067	0.5874688	0.0604947	0.6973028	0.520921
100	0.009328	0.7064258	0.0411242	0.7870997	0.3315955
150	0.0111315	0.6936614	0.1322581	0.7455646	0.3166555
200	0.0000167	0.6963254	0.337204	0.8046306	0.3269035
250	0.0004169	0.8177411	0.4171662	0.7376603	0.3087264
300	0.0002204	0.8280336	0.4742909	0.8050921	0.2681937
350	0.0000741	0.7954788	0.4903837	0.8341304	0.307123
400	0.0051535	0.6946571	0.4483052	0.762474	0.3614546
450	0.0041465	0.783205	0.2934083	0.7054226	0.3539911
500	0.0011736	0.9883298	0.3967727	0.7580758	0.2415652
550	0.0610598	0.8830247	0.2193343	0.806142	0.5847561
600	0.0939228	0.7589581	0.1499495	0.8896565	0.7378161
650	0.0721865	0.5667885	0.075819	0.6926559	0.6921963
700	0.0694723	0.7274582	0.1183451	0.7168668	0.7923443
750	0.0881254	0.7446435	0.1172539	0.735766	0.8072029
800	0.0550778	0.7153238	0.1274641	0.8336316	0.663413
850	0.0819754	0.8003678	0.102177	0.7015733	0.7363767
900	0.0580287	0.847017	0.0706818	0.888867	0.7397215
950	0.0886026	0.6613959	0.0885771	0.8239132	0.78737
1000	0.0575472	0.738745	0.0542308	0.8109685	0.7342082
					
0	0.0702941	0.7329356	0.0850102	0.6928352	0.6913532
50	0.1267911	0.2816398	0.0403571	0.6194793	0.7900003
100	0.1117556	0.1546883	0.0620133	0.5809558	0.6982616
150	0.0554315	0.0907023	0.0985576	0.5045787	0.8143622
200	0.0821001	0.120806	0.2197026	0.5308509	0.7403423
250	0.0986318	0.1097117	0.1442255	0.5832785	0.7889092
300	0.1250219	0.1534886	0.1329047	0.4914283	0.7179935
350	0.0958369	0.1217907	0.2482116	0.5780105	0.7264441
400	0.0740163	0.1146226	0.1845704	0.5664681	0.9210559
450	0.1474785	0.1316628	0.1374835	0.6031493	0.7399883
500	0.1434892	0.102768	0.1375456	0.5673308	0.7434297
550	0.1076197	0.53785	0.2253242	0.708757	0.6565276
600	0.1326709	0.7006227	0.1781924	0.6638965	0.6580296
650	0.0634331	0.7375947	0.0735279	0.7779646	0.8320781
700	0.0706671	0.6964656	0.0893152	0.6845671	0.8544881
750	0.0549892	0.7098718	0.0878208	0.6827827	0.7482437
800	0.0390265	0.6483096	0.0653289	0.7502559	0.7517845
850	0.0586343	0.8512439	0.0653711	0.7985848	0.6343431
900	0.0792102	0.7089079	0.0381718	0.8637937	0.7637377
950	0.0644332	0.6697855	0.0720901	0.8710476	0.8551057
1000	0.0555322	0.8744239	0.0561085	0.6751363	0.8127258
					
0	0.0756084	0.8160633	0.1054421	0.7858367	0.7594237
50	0.0959747	0.8126632	0.0813372	0.5810623	0.7796279
100	0.1038717	0.8118796	0.0443929	0.6682031	0.7433948
150	0.0899103	0.7292513	0.1720578	0.6257102	0.8542182
200	0.1138669	0.6884506	0.1259996	0.6529897	0.7535195
250	0.0858615	0.7111053	0.0551004	0.7369729	0.795485
300	0.0296738	0.7897345	0.1037259	0.6552952	0.7398608
350	0.0838519	0.762666	0.0865262	0.6024736	0.776446
400	0.0429753	0.7248223	0.0599821	0.6440116	0.7725607
450	0.0534704	0.707169	0.0684309	0.7494764	0.808967
500	0.0903931	0.6219837	0.0613784	0.7396937	0.7420939
550	0.0692691	0.7066231	0.1059179	0.7200059	0.8094398
600	0.0742463	0.8303579	0.0804599	0.7124532	0.8402689
650	0.03645	0.816798	0.0929546	0.5783291	0.7414029
700	0.0379268	0.6891651	0.06908	0.7985664	0.7452212
750	0.0627689	0.6017237	0.1119783	0.7481877	0.7479777
800	0.0581431	0.7876651	0.0890873	0.7920565	0.8012489
850	0.0675325	0.6945597	0.0962717	0.6580263	0.763298
900	0.0608383	0.8537184	0.0973846	0.7488158	0.816522
950	0.0575339	0.6792679	0.0970622	0.7929104	0.8220157
1000	0.0753001	0.7962609	0.1152383	0.7661246	0.6729633
					
0	0.0690138	0.8435783	0.0868001	0.7480517	0.7712258
50	0.0912752	0.6798481	0.0135947	0.7146103	0.5878328
100	0.0462284	0.6442385	0.0052984	0.6876703	0.4748184
150	0.0583674	0.4619003	0.0150818	0.6921295	0.5492056
200	0.0604032	0.4111422	0.0249798	0.6055451	0.4881249
250	0.1079587	0.5321349	0.0344035	0.6226098	0.3857447
300	0.0569485	0.4263538	0.0367217	0.635582	0.5972442
350	0.0761244	0.4350251	0.0498196	0.6629592	0.469384
400	0.0905298	0.4008034	0.0569473	0.669064	0.5058254
450	0.1183553	0.4767985	0.0348374	0.5835174	0.4401539
500	0.0692142	0.4235264	0.0293793	0.6354461	0.4343112
550	0.0836201	0.6546238	0.1534263	0.8211891	0.6216779
600	0.0795674	0.8714276	0.105182	0.7611115	0.7179659
650	0.0564777	0.8036393	0.0600038	0.8202936	0.8755177
700	0.0591271	0.788317	0.0808891	0.7224636	0.7713339
750	0.0669556	0.7804173	0.1042116	0.7747414	0.8811145
800	0.06613	0.8671138	0.0693306	0.7570538	0.7020157
850	0.0678689	0.815998	0.1072869	0.8520189	0.6724647
900	0.0446464	0.892794	0.0902616	0.7273086	0.6760482
950	0.0516061	0.7980148	0.1021078	0.7862787	0.727806
1000	0.1054527	0.8713927	0.0554691	0.6927203	0.6463849
					
0	0.0616852	0.7341441	0.0673836	0.6616235	0.699329
50	0.085021	0.8000618	0.0673624	0.5043406	0.6239031
100	0.0624736	0.6987493	0.0427929	0.4922112	0.5386861
150	0.0574553	0.7895725	0.1042602	0.3671402	0.5155185
200	0.0478264	0.7551535	0.1210652	0.4613769	0.5384475
250	0.1106327	0.7465382	0.101961	0.3784374	0.4320774
300	0.0666813	0.830974	0.0841602	0.4758195	0.4322374
350	0.0870654	0.6615673	0.0471629	0.4040373	0.3899291
400	0.0901501	0.734144	0.0739326	0.4211064	0.5125508
450	0.1157263	0.8233846	0.0631338	0.4306049	0.4739953
500	0.1518545	0.7350664	0.0788073	0.3846363	0.5839757
550	0.1342833	0.7044784	0.08225	0.6771325	0.6889477
600	0.0668923	0.7069675	0.0636744	0.7132037	0.8096025
650	0.0586333	0.7797498	0.0832425	0.698655	0.8789099
700	0.0537192	0.8306347	0.091089	0.7538537	0.7775029
750	0.1235426	0.7206724	0.0893613	0.7388542	0.8768248
800	0.1063425	0.8442935	0.0522335	0.8183693	0.8577218
850	0.040493	0.7479307	0.0758008	0.7086085	0.8395412
900	0.050165	0.8156142	0.0929354	0.7475189	0.6915751
950	0.0576586	0.7604611	0.0527281	0.8109029	0.8768848
1000	0.1007172	0.6507774	0.0611167	0.7981579	0.7350347
					
0	0.0569146	0.7575481	0.1045944	0.7249965	0.8127534
50	0.0720483	0.8346913	0.0793128	0.8556048	0.748702
100	0.1201864	0.718184	0.0601025	0.7882791	0.762695
150	0.0939041	0.8111448	0.1053542	0.7956553	0.7562135
200	0.087129	0.6861758	0.0734937	0.6345183	0.7159256
250	0.0749235	0.8292796	0.0774783	0.7025991	0.7961684
300	0.0729192	0.6879649	0.0493466	0.7096262	0.7569435
350	0.0484546	0.6691604	0.0952895	0.6645855	0.7330248
400	0.0799997	0.7700789	0.0925683	0.7046676	0.6688257
450	0.0856966	0.8142509	0.0656744	0.7814937	0.7377186
500	0.0496781	0.7525613	0.0514557	0.7385882	0.7031979
550	0.0419725	0.8733787	0.0900013	0.8174819	0.6847542
600	0.0387795	0.7244106	0.0669941	0.7827151	0.6722342
650	0.0724811	0.7339532	0.0483709	0.8301365	0.8144247
700	0.077255	0.7218278	0.0630263	0.8050097	0.8269151
750	0.0772457	0.6754467	0.1234329	0.6610992	0.7393019
800	0.0767396	0.902738	0.0762309	0.7585597	0.7607545
850	0.0704086	0.8746811	0.0679906	0.8730651	0.694827
900	0.0480523	0.8253573	0.0689704	0.7567803	0.6666626
950	0.1443063	0.849513	0.1168344	0.8146932	0.6955219
1000	0.0889223	0.7225045	0.0623076	0.8068402	0.6788738
					
0	0.0702982	0.9316431	0.055288	0.8206365	0.7186476
50	0.0095187	0.4293991	0.0742086	0.5293399	0.5868351
100	0.0177621	0.3092477	0.2330685	0.4339857	0.8391398
150	0.0140737	0.2353447	0.4070919	0.5302844	0.7817502
200	0.0039885	0.2400168	0.5907284	0.4619937	0.6509891
250	0.0251134	0.2954162	0.7203746	0.4513637	0.6907778
300	0.0040227	0.1845412	0.5576516	0.4980825	0.8818794
350	0.0227201	0.2515078	0.7061964	0.4566017	0.9261227
400	0.0297276	0.177779	0.8379692	0.4719473	0.8523975
450	0.0087451	0.2451498	0.5854643	0.4993279	0.7261633
500	0.0198728	0.1895632	0.6099616	0.5968045	0.9258364
550	0.0414979	0.5730747	0.5725527	0.7096062	0.6404799
600	0.0492943	0.7878885	0.2765439	0.8298528	0.6261347
650	0.0731692	0.7694076	0.1355793	0.7580185	0.8077785
700	0.0733139	0.7243146	0.0771637	0.6624108	0.7680701
750	0.0587906	0.8577669	0.0805641	0.7994401	0.7448178
800	0.0686225	0.6929804	0.0966155	0.8294317	0.7456155
850	0.0938185	0.7810354	0.0544586	0.6754974	0.8060108
900	0.0810235	0.7573466	0.0936843	0.770121	0.7819043
950	0.0536574	0.9190997	0.0762741	0.6482539	0.8822115
1000	0.0801276	0.8068789	0.0676917	0.6890289	0.8136144
					
0	0.0979827	0.8559516	0.0610886	0.754966	0.8180061
50	0.07333	0.5021255	0.0756962	0.1936431	0.6880235
100	0.1047993	0.3542018	0.1062882	0.1146096	0.7079903
150	0.0830866	0.2964133	0.2982399	0.0749411	0.8079933
200	0.0681334	0.3314954	0.2536021	0.0839205	0.7431027
250	0.091642	0.410579	0.2969802	0.0560709	0.7874433
300	0.0549891	0.276858	0.3695141	0.0773198	0.7341459
350	0.0559182	0.2403291	0.3774322	0.1070583	0.7420927
400	0.0643178	0.2972669	0.2340936	0.0962199	0.756123
450	0.1301272	0.2836388	0.270728	0.1206281	0.7878211
500	0.0808517	0.3450449	0.292431	0.1025066	0.6606992
550	0.0555452	0.6083692	0.2055159	0.7431995	0.816625
600	0.0486349	0.8053951	0.2105938	0.7085798	0.7014803
650	0.0839153	0.8042399	0.1235988	0.7985333	0.9354703
700	0.0775584	0.8508717	0.0913428	0.6992916	0.7752469
750	0.0365518	0.5914937	0.0714291	0.8427271	0.9207817
800	0.1106989	0.8393972	0.0345041	0.7186417	0.9623537
850	0.084492	0.7231475	0.0367188	0.6483063	0.7600031
900	0.0863315	0.8056158	0.0741771	0.7589197	0.7911802
950	0.085432	0.8356915	0.0656042	0.7971253	0.7236225
1000	0.0729491	0.8467849	0.0723633	0.7196188	0.7619236
					
0	0.0643048	0.8485468	0.081931	0.7270574	0.7166339
50	0.0643846	0.8023184	0.0087752	0.7883006	0.3162709
100	0.0523883	0.7108586	0.0049975	0.6703829	0.074496
150	0.0539734	0.6814158	0.0013407	0.702367	0.056023
200	0.0958405	0.7434911	0.0055424	0.8574502	0.0247526
250	0.0794925	0.7556707	0.0127298	0.7971484	0.0177184
300	0.0499405	0.6074743	0.0025166	0.8797204	0.0332488
350	0.0693225	0.7218312	0.0026119	0.8189948	0.0638862
400	0.0812317	0.5981026	0.0074981	0.7023693	0.0611042
450	0.1127924	0.6823397	0.0026477	0.8613466	0.0310408
500	0.0800426	0.7484004	0.0037628	0.7737776	0.0284534
550	0.0879963	0.6685151	0.0721895	0.8811572	0.5116546
600	0.083503	0.8480142	0.0430424	0.9261019	0.7668251
650	0.1232651	0.7526566	0.0529771	0.8044646	0.6855188
700	0.0745176	0.8729865	0.1074141	0.7280423	0.8768377
750	0.104282	0.7530894	0.0518145	0.8544724	0.7041795
800	0.0836504	0.7341989	0.0886781	0.7744017	0.7242855
850	0.0588155	0.7446454	0.1128592	0.6748572	0.7120954
900	0.0713574	0.8231533	0.0665208	0.6785306	0.6892778
950	0.0375228	0.8634229	0.0754219	0.7251942	0.7088654
1000	0.0670597	0.8041807	0.0655814	0.816346	0.8259944
					
0	0.1217324	0.7894266	0.1200498	0.8082448	0.7164585
50	0.0783324	0.8702597	0.0585222	0.3444311	0.5258918
100	0.1275148	0.7788443	0.1027122	0.3879324	0.3572971
150	0.1198852	0.7500905	0.102895	0.282715	0.3345155
200	0.1126892	0.763265	0.0804299	0.3271763	0.4035274
250	0.0576576	0.8106567	0.1019601	0.3235777	0.3472172
300	0.1037843	0.8101769	0.0972009	0.2709372	0.3959826
350	0.0815318	0.939767	0.071938	0.1988628	0.3391326
400	0.1296785	0.7835371	0.0472859	0.3153979	0.3437978
450	0.0779035	0.7489546	0.0691254	0.1965821	0.3361749
500	0.0367356	0.8811415	0.0413656	0.3304916	0.3944508
550	0.0432882	0.7099277	0.0455117	0.6393091	0.6194652
600	0.1015066	0.844255	0.1479387	0.7462351	0.7373249
650	0.0802532	0.666689	0.0826314	0.7257994	0.5539449
700	0.0796566	0.6848065	0.0606576	0.8140949	0.7829206
750	0.0780587	0.701867	0.0616751	0.7331235	0.8845874
800	0.0579681	0.6577524	0.0695144	0.8270224	0.8981484
850	0.0670032	0.578657	0.0867607	0.8188596	0.8389995
900	0.0711745	0.7219203	0.0898294	0.740355	0.8086951
950	0.0840147	0.7070181	0.1108598	0.7321723	0.765174
1000	0.0813937	0.9848599	0.124736	0.8403535	0.68472
					
0	0.0610246	0.7975702	0.0788407	0.679838	0.8043182
50	0.0349526	0.6708663	0.0593128	0.8140811	0.7538563
100	0.0051723	0.8752588	0.0735381	0.6693813	0.643759
150	0.0036698	0.789132	0.1452748	0.8214076	0.723464
200	0.0006008	0.6597116	0.3022302	0.8826845	0.723542
250	0.0105196	0.7202756	0.2359139	0.6728574	0.7054882
300	0.0002153	0.6292553	0.5216712	0.7864566	0.8286144
350	0.0026425	0.7538297	0.3414226	0.7337511	0.5758872
400	0.0041847	0.7055338	0.477008	0.8676857	0.5742487
450	0	0.7656972	0.3836493	0.8079622	0.7412653
500	0.001077	0.7979622	0.4052318	0.8177715	0.824351
550	0.0454158	0.7021769	0.2661719	0.6251126	0.5522442
600	0.083925	0.8535592	0.2181222	0.7900287	0.6000503
650	0.0512599	0.7378683	0.0856983	0.8494723	0.6328737
700	0.064563	0.7409559	0.0749905	0.6840696	0.6961201
750	0.0405055	0.7015738	0.0541907	0.7967678	0.7730176
800	0.0766422	0.9217708	0.0676468	0.8750767	0.7938487
850	0.0933933	0.8315718	0.0556839	0.8521671	0.7283374
900	0.0609174	0.8238838	0.0937049	0.717611	0.7561893
950	0.0806069	0.8306204	0.0709435	0.6739873	0.779278
1000	0.0832073	0.870547	0.0727332	0.9457419	0.7766119
					
0	0.0697324	0.77569	0.08732	0.7430459	0.6424736
50	0.094886	0.6890152	0.0139862	0.4289846	0.6617889
100	0.0601434	0.7427084	0.0043535	0.3921395	0.8810394
150	0.0762852	0.7883546	0.0129291	0.3701199	0.7342855
200	0.0947602	0.7303619	0.0436447	0.3860407	0.7344501
250	0.0668422	0.6760499	0.0051926	0.3357453	0.853457
300	0.0726791	0.9192596	0.0155186	0.3135085	0.8455998
350	0.0532476	0.7174376	0.0107168	0.3158192	0.7096277
400	0.0607917	0.7840782	0.002094	0.2995134	0.7081856
450	0.0387601	0.7396842	0.0089288	0.3203728	0.7573654
500	0.1078959	0.6519256	0.0153689	0.335962	0.7095398
550	0.0754826	0.8075694	0.0835911	0.733588	0.79657
600	0.0911455	0.8370915	0.0749123	0.6298204	0.8111886
650	0.0765829	0.8376785	0.094126	0.7905101	0.7813891
700	0.0663343	0.9335752	0.0899776	0.8931783	0.7039072
750	0.0570902	0.6407425	0.0726395	0.6701347	0.746134
800	0.0916933	0.6959398	0.0693689	0.7893906	0.8072838
850	0.094932	0.6516351	0.0990406	0.9177656	0.7217646
900	0.118417	0.6700195	0.0755671	0.9126781	0.6841502
950	0.1614111	0.823321	0.0610809	0.8564374	0.7239243
1000	0.0886984	0.6315333	0.0599341	0.7576493	0.7383755
					
0	0.0761838	0.7421475	0.1431043	0.7470216	0.7393397
50	0.0393031	0.7731294	0.1186475	0.7613964	0.8322096
100	0.0517005	0.7683158	0.128682	0.859366	0.8473998
150	0.0381476	0.8064317	0.147397	0.740301	0.879817
200	0.0828279	0.6096449	0.0986061	0.7894976	0.8117057
250	0.0974662	0.7557784	0.125152	0.7101942	0.8104592
300	0.0759564	0.7392797	0.1351814	0.7852986	0.8015666
350	0.094948	0.7114744	0.1504248	0.7066845	0.9355961
400	0.062759	0.7337342	0.0599833	0.8860985	0.9320613
450	0.1085537	0.7225911	0.0544321	0.8180221	0.7762019
500	0.0740102	0.7053935	0.1204244	0.7593223	0.7380614
550	0.0480298	0.7675452	0.1040308	0.6216413	0.8490284
600	0.0677775	0.8858025	0.1055648	0.7034829	0.7090926
650	0.0465055	0.7570918	0.0651856	0.8650802	0.9353014
700	0.0589059	0.9259342	0.0564031	0.6739725	0.7811823
750	0.1110708	0.7318355	0.0519321	0.7250303	0.9035949
800	0.0793789	0.6991713	0.0782292	0.8966193	0.7671098
850	0.069846	0.7397479	0.1084601	0.6767195	0.5885787
900	0.0783416	0.639519	0.0814806	0.7487998	0.7114022
950	0.0458456	0.7845587	0.0924539	0.794218	0.7480697
1000	0.079205	0.6973655	0.0903007	0.6411149	0.6222724
					
0	0.0752408	0.7957591	0.0770153	0.7699658	0.7174676
50	0.0602619	0.5588234	0.0148806	0.2944095	0.6711602
100	0.0677644	0.4851843	0.0475549	0.311455	0.7507229
150	0.045074	0.5051568	0.0901552	0.2134154	0.7462008
200	0.1019673	0.5163363	0.0848493	0.2324051	0.7794905
250	0.0659724	0.4706789	0.1305847	0.2604189	0.7609805
300	0.0700992	0.4108388	0.1301783	0.2645031	0.831857
350	0.0205985	0.3525497	0.2057755	0.2991762	0.6779991
400	0.0846924	0.5188167	0.1834053	0.2698069	0.699014
450	0.0767973	0.4752843	0.138426	0.2569312	0.6659801
500	0.0716618	0.5261436	0.0804097	0.2832286	0.6965828
550	0.1314344	0.7491609	0.1090511	0.6040223	0.7583666
600	0.07588	0.8660246	0.1092892	0.6014565	0.7632462
650	0.0671889	0.771771	0.074894	0.8849611	0.7699599
700	0.0650467	0.8103925	0.0725072	0.8381684	0.7340707
750	0.0542302	0.7787433	0.0938188	0.7516929	0.6983027
800	0.060236	0.7169181	0.0565627	0.7034792	0.6987754
850	0.0614785	0.8104107	0.0408316	0.8002029	0.7083583
900	0.1548271	0.8928013	0.0388694	0.7986774	0.9078269
950	0.0446532	0.7779804	0.0662351	0.7741455	0.7097961
1000	0.1038929	0.6569164	0.0758906	0.7556167	0.7560429
					
0	0.0877389	0.9556644	0.0596841	0.7295264	0.7762752
50	0.0624953	0.7415202	0.0829098	0.6072583	0.6442049
100	0.0502829	0.6243249	0.0680698	0.8771886	0.8050724
150	0.0434582	0.8158167	0.0719687	0.7913963	0.6969189
200	0.0526375	0.8135464	0.0759204	0.7261311	0.8395681
250	0.0894034	0.6981594	0.0586681	0.7616156	0.6299507
300	0.0915079	0.7443686	0.0836051	0.8532947	0.6240531
350	0.0696044	0.8887232	0.0894529	0.8500808	0.7023429
400	0.0962728	0.7906211	0.0586056	0.7590856	0.6507874
450	0.0698	0.7563142	0.0962777	0.9040534	0.8173014
500	0.1017014	0.8897132	0.0580772	0.6809128	0.8023339
550	0.0791177	0.5824217	0.0806096	0.7094335	0.5994972
600	0.0841427	0.8504362	0.0716466	0.7729981	0.7182744
650	0.0390093	0.7721547	0.0373546	0.893516	0.7837486
700	0.0419193	0.8130575	0.0989291	0.7309221	0.6620118
750	0.0760756	0.7681754	0.0500732	0.6612763	0.7788049
800	0.0547103	0.7659864	0.1056679	0.741715	0.8142463
850	0.064871	0.8392872	0.0863782	0.8014684	0.8083799
900	0.0496649	0.6923067	0.0601356	0.7967464	0.8421572
950	0.0739788	0.7258936	0.0670016	0.88485	0.8026474
1000	0.0659595	0.7895075	0.0763309	0.5809074	0.8450615
					
0	0.0820742	0.880164	0.0943509	0.7327578	0.6311605
50	0.0331845	0.8173064	0.1360671	0.8169407	0.7328832
100	0.004673	0.8081366	0.0584261	0.7477173	0.831567
150	0.0005499	0.6836113	0.2085895	0.7704752	0.7234464
200	0.0020288	0.8038012	0.2598913	0.7414004	0.9273553
250	0.0006051	0.7425806	0.4121739	0.7552483	0.744345
300	0.0003186	0.8025368	0.4447349	0.7166996	0.6784082
350	0.0047686	0.7596024	0.5604998	0.8382314	0.845416
400	0.0021671	0.8823844	0.5686792	0.644814	0.8390558
450	0.000342	0.7911578	0.5602082	0.8543902	0.8866072
500	0.0015546	0.6291968	0.6647918	0.6882818	0.7495546
550	0.0549054	0.6393194	0.3235261	0.9213991	0.6637886
600	0.0963192	0.6656653	0.1717003	0.6757414	0.8511793
650	0.044976	0.6767994	0.0745485	0.7250622	0.8227514
700	0.0631919	0.8464184	0.0686202	0.8587114	0.6764123
750	0.0371252	0.7445041	0.0559923	0.7792952	0.6831953
800	0.0484983	0.7412126	0.0837168	0.7356568	0.8730055
850	0.0684386	0.7175582	0.078604	0.7868004	0.6961863
900	0.0865242	0.6847139	0.0957724	0.6608124	0.8232174
950	0.0971678	0.7675375	0.0950145	0.7806365	0.7720012
1000	0.0549886	0.6047919	0.0663616	0.7700284	0.706775
					
0	0.0829075	0.7112387	0.0718551	0.7858815	0.6740245
50	0.0349897	0.5186761	0.0201387	0.5529044	0.4531942
100	0.0089601	0.5354471	0.0207865	0.440651	0.5123384
150	0.0000581	0.4648462	0.076149	0.5441373	0.4043285
200	0.0001513	0.498735	0.0825655	0.5267749	0.4098377
250	0.0000738	0.5026566	0.1449306	0.4439665	0.4457501
300	0.0007825	0.5605554	0.1560782	0.4205954	0.3459439
350	0	0.5048513	0.1917696	0.5560876	0.3656022
400	0.0002938	0.5489647	0.239553	0.4711928	0.3926305
450	0	0.5828484	0.2151982	0.4188504	0.3726353
500	0.000509	0.6636119	0.1797909	0.4896672	0.3887809
550	0.0645654	0.6130585	0.27309	0.5627139	0.8249207
600	0.0541456	0.8023104	0.1720246	0.662541	0.7482081
650	0.0456459	0.7606921	0.1213607	0.7807381	0.8360405
700	0.0569291	0.711179	0.1129414	0.8170728	0.7537886
750	0.1169305	0.7059024	0.1130956	0.7015279	0.8907691
800	0.0439538	0.8487066	0.0811134	0.7728757	0.7891316
850	0.0477071	0.7454012	0.0824704	0.8481757	0.7871965
900	0.0767414	0.7360724	0.0855639	0.909758	0.8671803
950	0.0538812	0.8703534	0.0904748	1	0.8082494
1000	0.0962004	0.6083569	0.0847735	0.7785009	0.7793477
					
0	0.1025886	0.9207471	0.0649273	0.767733	0.7876629
50	0.0908006	0.9008838	0.0836027	0.2470452	0.8493386
100	0.0397882	0.5941343	0.0878177	0.1980439	0.6432656
150	0.0994484	0.6656705	0.0661636	0.1617373	0.733991
200	0.0597174	0.771005	0.0885604	0.1531651	0.6523192
250	0.096701	0.7957675	0.0633249	0.1347421	0.5575655
300	0.0798321	0.7813204	0.1132486	0.0952402	0.8841405
350	0.0718221	0.7531597	0.0582162	0.1275325	0.8321509
400	0.0825068	0.7946428	0.1325881	0.1465129	0.7636028
450	0.0692464	0.8529367	0.0506288	0.117602	0.8395452
500	0.0773461	0.7844032	0.1011	0.1169929	0.7222247
550	0.0773281	0.7265199	0.0571851	0.6975569	0.8188192
600	0.0491083	0.6872976	0.0909314	0.6176765	0.7923894
650	0.1073285	0.8633187	0.1316741	0.80658	0.7490259
700	0.0669147	0.6592805	0.0375302	0.7975744	0.7739843
750	0.0594424	0.5875394	0.0452575	0.7323278	0.8061223
800	0.0895348	0.8385521	0.1362791	0.7475096	0.7615033
850	0.0842519	0.7730458	0.1059005	0.7491411	0.8040104
900	0.0933597	0.7706069	0.0864046	0.6629119	0.7805432
950	0.0608802	0.6899328	0.1163014	0.695629	0.7734011
1000	0.0437468	0.8626703	0.0852969	0.7109452	0.6759012
					
0	0.1109764	0.7889194	0.0599432	0.7627615	0.6462775
50	0.0242253	0.7987413	0.0870376	0.2954479	0.6923684
100	0.0013802	0.7857592	0.0961901	0.1394196	0.9087234
150	0.0023259	0.7153177	0.1770275	0.0930356	0.7697336
200	0.0004168	0.709131	0.354452	0.1153888	0.7700438
250	0.0012272	0.689547	0.5033168	0.1053569	0.8121503
300	0.002757	0.8386499	0.5758312	0.0981325	0.7546349
350	0.0007456	0.7809778	0.6935043	0.1056578	0.7661683
400	0.0023124	0.8525924	0.4750819	0.0774547	0.7963361
450	0.0023718	0.7222296	0.4365359	0.1181432	0.7806089
500	0.0011112	0.7638462	0.4166449	0.0453839	0.5861986
550	0.053685	0.9311223	0.2763194	0.6547051	0.6660903
600	0.072517	0.7190646	0.1754495	0.8862113	0.9025449
650	0.074321	0.8325673	0.1233887	0.7414961	0.6934357
700	0.0709861	0.7197167	0.1060812	0.7750734	0.8053218
750	0.0861341	0.8219521	0.1074131	0.7704486	0.7134204
800	0.0712931	0.6806348	0.0497901	0.7722491	0.6766585
850	0.086101	0.8893496	0.0862582	0.7231197	0.6881108
900	0.0762887	0.8188114	0.0838421	0.6733117	0.7575998
950	0.0775972	0.7077148	0.0739903	0.6492206	0.6684166
1000	0.1041522	0.7450428	0.1416703	0.6938288	0.7532881
					
0	0.0658263	0.7678451	0.0958617	0.7944648	0.8046489
50	0.0772165	0.8047197	0.0456609	0.40057	0.7646031
100	0.0895747	0.7453523	0.0412817	0.269124	0.7112949
150	0.0537952	0.8026903	0.082278	0.2813545	0.723118
200	0.1114185	0.7595628	0.1168618	0.2612554	0.678192
250	0.0682513	0.8956118	0.0549486	0.3259741	0.7438645
300	0.0737022	0.8866694	0.0475572	0.2715236	0.7709915
350	0.0388005	0.8084439	0.0599797	0.2786018	0.7547603
400	0.073928	0.813451	0.066535	0.2895978	0.7145118
450	0.0315247	0.8869402	0.0615863	0.4285928	0.8518657
500	0.0694977	0.6215455	0.0655742	0.3768434	0.6975765
550	0.0970724	0.6931603	0.0513713	0.5853143	0.7583475
600	0.0709755	0.6742339	0.1255197	0.6625693	0.693532
650	0.0513296	0.7479908	0.0648801	0.8260047	0.7667497
700	0.0953464	0.8066004	0.0484555	0.7922823	0.7834966
750	0.0558781	0.8764368	0.0613489	0.7173689	0.6910949
800	0.0649403	0.6173758	0.0779295	0.8797786	0.8338485
850	0.1196055	0.8193346	0.0867158	0.7920829	0.6621468
900	0.045293	0.6642655	0.1063853	0.7266064	0.7665213
950	0.0829524	0.8176673	0.1018405	0.9206475	0.8177375
1000	0.1028215	0.7815681	0.0708561	0.6471846	0.6510131
					
0	0.0820096	0.8325591	0.0840249	0.7624728	0.7323826
50	0.0565941	0.783056	0.0970165	0.7323745	0.7598804
100	0.0555901	0.7636317	0.0699718	0.7640932	0.7768131
150	0.0512404	0.7323178	0.0876093	0.6595276	0.8165357
200	0.0725261	0.857804	0.043471	0.7121096	0.8106885
250	0.0986298	0.8355267	0.0581784	0.7287862	0.839425
300	0.0601587	0.6614064	0.0475182	0.6825204	0.8520798
350	0.1043742	0.8538691	0.0940926	0.7624682	0.7241485
400	0.070249	0.7046745	0.1075278	0.7596587	0.7035482
450	0.1026117	0.7128923	0.112818	0.7800625	0.7334861
500	0.0690938	0.7539388	0.1119446	0.6045183	0.7511738
550	0.0652741	0.7148635	0.0994414	0.7464081	0.898037
600	0.0877714	0.6582108	0.1038341	0.8459795	0.8969544
650	0.1020022	0.7014091	0.1799805	0.7537717	0.795834
700	0.0693524	0.7077283	0.0685939	0.7599076	0.6803147
750	0.0652335	0.6885781	0.1112497	0.8503523	0.8968855
800	0.0824067	0.6994534	0.0629088	0.8668952	0.7923787
850	0.0865072	0.8226929	0.0820395	0.6312157	0.800007
900	0.0642129	0.7955454	0.0771381	0.7114623	0.7197648
950	0.0447505	0.8573207	0.1139851	0.7789305	0.7156308
1000	0.0929386	0.7885684	0.0833202	0.8505331	0.8172162
					
0	0.076132	0.7455474	0.0785002	0.788689	0.7073639
50	0.0952374	0.7730308	0.0258929	0.2162242	0.2612289
100	0.1103775	0.6853152	0.0070764	0.1265586	0.1042286
150	0.1064691	0.8256473	0.0199248	0.1342278	0.0800561
200	0.0780383	0.7770439	0.0162525	0.0969377	0.0695264
250	0.1425769	0.671738	0.0312486	0.110949	0.0644357
300	0.082583	0.7280028	0.0149943	0.0863481	0.0310118
350	0.05695	0.7676676	0.0356419	0.0988955	0.0266087
400	0.1117818	0.6763302	0.0218213	0.0685597	0.0410143
450	0.0555526	0.7678353	0.0230885	0.1745593	0.012504
500	0.0669047	0.8095794	0.0206328	0.0664686	0.05849
550	0.0795568	0.7698599	0.0462197	0.5637062	0.501777
600	0.0827152	0.6895346	0.1606101	0.8062824	0.6766062
650	0.0841435	0.75349	0.0874678	0.9255852	0.6297438
700	0.0648967	0.8373132	0.0898263	0.7916423	0.7579536
750	0.0614692	0.7506573	0.1153506	0.7000089	0.703356
800	0.0899671	0.8861741	0.0531383	0.6861469	0.643978
850	0.0886847	0.7739974	0.0903475	0.7896632	0.8027963
900	0.0288784	0.8213284	0.0683205	0.7966141	0.7151892
950	0.1063393	0.6739002	0.0553691	0.6119926	0.6983383
1000	0.069932	0.691389	0.0778334	0.8433221	0.8041846
					
0	0.0969772	0.8416087	0.0754454	0.6801931	0.6602329
50	0.0226464	0.2857253	0.015297	0.6928803	0.8376369
100	0.0026346	0.1604567	0.0189293	0.7136577	0.7971178
150	0.0019519	0.1309776	0.0229975	0.7776725	0.7326152
200	0.0036822	0.1225178	0.0111006	0.6692383	0.7963805
250	0.0079966	0.1244901	0.0044679	0.7297564	0.8031246
300	0.0043619	0.0851327	0.0035065	0.6827065	0.8530198
350	0.0196242	0.0729374	0.0086181	0.827318	0.7463114
400	0.0209646	0.0710849	0.0057755	0.9044192	0.7165793
450	0.0107033	0.1349767	0.018141	0.7744334	0.7569016
500	0.0120923	0.1166742	0.0127089	0.6998777	0.8078267
550	0.0553912	0.7241074	0.4234035	0.7008724	0.8947822
600	0.0867571	0.7483419	0.2714229	0.7979388	0.7606136
650	0.1075146	0.6142222	0.1625893	0.756441	0.6089962
700	0.0619712	0.842615	0.1209489	0.7216611	0.6786646
750	0.0751463	0.9494487	0.0709577	0.7046227	0.8127273
800	0.0514477	0.7478668	0.1199192	0.6968095	0.70962
850	0.0973847	0.770305	0.0794826	0.7328628	0.5486748
900	0.0585376	0.6351304	0.1119423	0.7420913	0.8010297
950	0.0906034	0.6207313	0.0567166	0.7641316	0.8054404
1000	0.0783066	0.8142442	0.0779754	0.6976952	0.723729
					
0	0.1003089	0.8703936	0.0775192	0.6609568	0.8233179
50	0.0859592	0.5794032	0.0900927	0.7561958	0.7196613
100	0.08233	0.5546877	0.1169483	0.7599282	0.7623772
150	0.1010472	0.4587394	0.1561435	0.6993428	0.8193803
200	0.0672421	0.686927	0.1088381	0.7402681	0.7693373
250	0.0971289	0.6226749	0.1060284	0.8529369	0.5776329
300	0.0479553	0.6123504	0.1367795	0.6686151	0.767799
350	0.0534033	0.5744272	0.1579776	0.6858708	0.7339607
400	0.0391746	0.5555699	0.1242607	0.7244701	0.7833635
450	0.074798	0.5930855	0.1315313	0.8873367	0.7781259
500	0.0944542	0.5579591	0.1879286	0.7739684	0.6868312
550	0.0766877	0.7354139	0.1235383	0.8178588	0.6667115
600	0.0441183	0.7094269	0.0909633	0.8108592	0.7604325
650	0.0368571	0.8560809	0.1339543	0.5862643	0.7485236
700	0.0520065	0.7492213	0.0903092	0.8566418	0.7927171
750	0.0958745	0.8679818	0.1076064	0.8188587	0.6908158
800	0.0611473	0.7278907	0.1044754	0.8374688	0.7569979
850	0.0535016	0.6057246	0.0609431	0.9634092	0.8371878
900	0.0861056	0.7613532	0.1135235	0.7631177	0.7977097
950	0.0680108	0.6795617	0.069427	0.7584393	0.8358825
1000	0.0611341	0.6395504	0.0922785	0.7757939	0.7939667
					
0	0.1301863	0.7718399	0.0533165	0.7819894	0.6971728
50	0.0279083	0.6892657	0.0885028	0.5984211	0.5833913
100	0.004281	0.6379688	0.1242248	0.5095957	0.583607
150	0.0005048	0.6887017	0.1960839	0.5790255	0.5506451
200	0.0034496	0.751284	0.3468723	0.525075	0.6245145
250	0.0025468	0.8431253	0.5583293	0.558963	0.5174622
300	0.0000846	0.7611597	0.6163011	0.5958004	0.6211333
350	0.0005816	0.6904336	0.6960923	0.5236321	0.5510209
400	0.0009224	0.7567258	0.4980552	0.5590974	0.6084844
450	0.000078	0.8441041	0.3638811	0.6510737	0.5360094
500	0.005746	0.8057161	0.4384068	0.5433464	0.6265102
550	0.0589238	0.7859181	0.2578628	0.8078336	0.644506
600	0.0472334	0.7809025	0.1982126	0.9676466	0.722621
650	0.0615482	0.8488654	0.1184441	0.7709603	0.8922022
700	0.0768442	0.7885415	0.1089442	0.6878263	0.8040521
750	0.0469296	0.7021908	0.0609026	0.6786812	0.8242586
800	0.0716369	0.6698787	0.0525857	0.806106	0.7334752
850	0.0679635	0.8024049	0.0882758	0.7768666	0.9944584
900	0.0693681	0.7668123	0.0853332	0.8106951	0.7991312
950	0.0272029	0.5992834	0.0848703	0.7941056	0.8596122
1000	0.0325558	0.8211753	0.1021504	0.6811395	0.7980057
					
0	0.0688847	0.881746	0.1013133	0.8671089	0.8858698
50	0.1075164	0.7621379	0.084821	0.361594	0.6824184
100	0.0975104	0.7725032	0.0891896	0.2407744	0.8520731
150	0.0567259	0.8015008	0.1041178	0.2243758	0.8056177
200	0.0726289	0.7038668	0.1081098	0.2613501	0.8181144
250	0.0939181	0.7406234	0.0913423	0.2206511	0.7204328
300	0.0605499	0.7777777	0.0758672	0.2036552	0.8037289
350	0.0622737	0.6025744	0.0793743	0.2543907	0.8236357
400	0.0769521	0.686003	0.0740756	0.2068961	0.9504286
450	0.0503152	0.7301796	0.0528721	0.2059786	0.6748203
500	0.0742929	0.6897787	0.0571917	0.2094721	0.7779022
550	0.0853902	0.7674732	0.0879753	0.5587357	0.789626
600	0.0800442	0.7295899	0.0757287	0.7778773	0.7452336
650	0.0624577	0.8329469	0.1192646	0.7195843	0.7721064
700	0.085304	0.7822977	0.047845	0.7405231	0.6521216
750	0.0459955	0.7075916	0.1106961	0.7929448	0.7166655
800	0.0596822	0.8011305	0.0749068	0.7462042	0.7129563
850	0.1105876	0.76016	0.1643865	0.6862733	0.9192104
900	0.0759154	0.7192224	0.0824229	0.8277508	0.8844377
950	0.0633049	0.7759973	0.06617	0.894915	0.8366482
1000	0.0683878	0.8151933	0.0832977	0.848291	0.8612815
					
0	0.0931836	0.8417155	0.1264293	0.8086612	0.7411035
50	0.0736961	0.3019958	0.074705	0.8043223	0.518679
100	0.0312745	0.140203	0.2137244	0.997771	0.4842995
150	0.0491637	0.114291	0.5786529	0.7480225	0.4064372
200	0.087174	0.1458191	0.626754	0.6551496	0.4018743
250	0.1007705	0.1335097	0.6993694	0.6397229	0.3975527
300	0.089343	0.1250384	0.5176149	0.8202173	0.4447388
350	0.0660635	0.1853309	0.6307762	0.6671105	0.4299407
400	0.0593628	0.1854675	0.5676186	0.6258828	0.3589691
450	0.0941253	0.176204	0.584431	0.7080221	0.4437494
500	0.1083137	0.1002679	0.5793641	0.8437391	0.4629909
550	0.0975888	0.5572566	0.4883089	0.6385358	0.8275693
600	0.0720622	0.8103575	0.2251528	0.7371711	0.7696536
650	0.0713023	0.7648682	0.1272773	0.7344561	0.8359926
700	0.0864902	0.8164761	0.1229642	0.7546284	0.7619268
750	0.047837	0.790164	0.0901482	0.7376211	0.726756
800	0.0814664	0.8125765	0.0743524	0.7431709	0.5778692
850	0.0899258	0.6927293	0.0806083	0.7729219	0.7082082
900	0.0704482	0.7546477	0.0775583	0.6716715	0.7399375
950	0.0904068	0.8639384	0.0565922	0.7487608	0.7349956
1000	0.0550421	0.8061694	0.0397342	0.7519638	0.693323
					
0	0.0789008	0.8297524	0.1202695	0.6994377	0.7344079
50	0.0608225	0.7455188	0.0542264	0.7539952	0.7179235
100	0.0513628	0.7860199	0.0791017	0.8070858	0.7127737
150	0.05732	0.71291	0.0809242	0.8208695	0.8922293
200	0.0743536	0.8137236	0.0874878	0.8322286	0.8492639
250	0.0826301	0.7005938	0.060806	0.8426414	0.7572412
300	0.0568167	0.6767728	0.0594332	0.7471989	0.9036374
350	0.0784707	0.7609112	0.1338811	0.6046304	0.7713181
400	0.0885891	0.6846432	0.0834794	0.7178582	0.798702
450	0.1002324	0.9183416	0.0929236	0.7587549	0.6664213
500	0.0581613	0.7065444	0.048554	0.7526759	0.7215418
550	0.0538668	0.7982797	0.0637658	0.7810385	0.6399446
600	0.0392871	0.9011457	0.0533388	0.8096961	0.8427608
650	0.0788076	0.7677364	0.1067641	0.8443843	0.8039685
700	0.06978	0.7562553	0.0831838	0.6879906	0.8555802
750	0.1084747	0.8506909	0.1231371	0.7878111	0.7790735
800	0.1042987	0.7635524	0.1326808	0.657298	0.8874349
850	0.068914	0.7887215	0.092951	0.7147118	0.7626142
900	0.0962945	0.8611964	0.0801582	0.6376514	0.6686586
950	0.0950554	0.8494821	0.1257392	0.729161	0.8835785
1000	0.0505441	0.6699729	0.107565	0.8047585	0.7493913
					
0	0.0635376	0.7661601	0.064972	0.6920824	0.8138097
50	0.0505453	0.8035308	0.0322346	0.8420277	0.7166677
100	0.0807231	0.8152694	0.0096906	0.8460373	0.7610486
150	0.0660744	0.843955	0.0045445	0.7754904	0.625633
200	0.0552974	0.916261	0.0078619	0.6233329	0.8089711
250	0.0736623	0.7342443	0.0185946	0.6317277	0.721915
300	0.0822283	0.9152463	0.0024301	0.6719686	0.6506256
350	0.0908079	0.6614211	0.0057341	0.8040411	0.755457
400	0.0756428	0.8748423	0.0024379	0.7863038	0.8113227
450	0.0995245	0.7203763	0.0067318	0.7178121	0.8911118
500	0.0750858	0.7072853	0.0073312	0.6975356	0.5565878
550	0.0659845	0.7914691	0.0792669	0.7748775	0.6374335
600	0.049998	0.7842824	0.1185421	0.8699245	0.7881794
650	0.0710894	0.7460613	0.0887857	0.8041656	0.6797772
700	0.0805643	0.6851845	0.0394461	0.7450908	0.6658466
750	0.0574625	0.83247	0.0645192	0.7448359	0.7106439
800	0.1199147	0.7192072	0.1165317	0.7673327	0.8841032
850	0.0626758	0.8233981	0.0431709	0.7749209	0.8401726
900	0.0912781	0.7424754	0.1027346	0.5564554	0.8482718
950	0.0441281	0.8021385	0.0682745	0.8831386	0.7942739
1000	0.069584	0.8818554	0.0518693	0.8562246	0.7713117
					
0	0.0696717	0.8015514	0.0674024	0.798959	0.7921883
50	0.0867929	0.8415207	0.0191612	0.7786219	0.6938304
100	0.0515885	0.7137359	0.0185391	0.6499073	0.7576585
150	0.1197912	0.6296409	0.0163454	0.730865	0.8210283
200	0.1073746	0.6952423	0.0085781	0.6595498	0.8569607
250	0.0819075	0.7092893	0.0011739	0.7454385	0.7532094
300	0.07192	0.7721687	0.0035969	0.8519233	0.6543205
350	0.1668691	0.7014169	0.0055138	0.7812222	0.6414468
400	0.080347	0.8150025	0.0247659	0.7178434	0.8130477
450	0.0986436	0.7458328	0.0050343	0.7471262	0.7250623
500	0.0653655	0.743752	0.0128515	0.7273046	0.6233285
550	0.050181	0.768357	0.0693176	0.6604858	0.7674489
600	0.1249038	0.7616805	0.0658603	0.8068501	0.6528721
650	0.0877657	0.8784649	0.0655657	0.7738378	0.6939142
700	0.0793605	0.6955409	0.0670172	0.7164407	0.8163315
750	0.0730279	0.7889169	0.0498711	0.7298436	0.6872685
800	0.0888037	0.6814196	0.0663421	0.9635692	0.7633952
850	0.0838333	0.7288828	0.0797238	0.8179171	0.7730826
900	0.0575125	0.7883664	0.0859346	0.6446436	0.8114479
950	0.0408641	0.7890552	0.0668919	0.7174864	0.6168041
1000	0.0492224	0.6480263	0.085824	0.8693618	0.74658
					
0	0.0783909	0.7586711	0.1292826	0.7085246	0.7533462
50	0.058385	0.8258409	0.0220484	0.6825936	0.7416745
100	0.0564674	0.9674004	0.0061149	0.788939	0.9012797
150	0.1138888	0.6896658	0.0094285	0.8496038	0.8859614
200	0.0451815	0.8975262	0.0026046	0.7199795	0.7717661
250	0.0660629	0.8319579	0.0280653	0.7575797	0.752176
300	0.079541	0.8556327	0.0113113	0.8115499	0.675941
350	0.0786806	0.6816458	0.0234256	0.8460683	0.8672584
400	0.0485179	0.7273278	0.0126272	0.7085208	0.7718282
450	0.0498412	0.8989883	0.0114885	0.7247863	0.8115562
500	0.0308853	0.8916039	0.0122817	0.7697376	0.8002134
550	0.0431835	0.7720403	0.0510803	0.8704228	0.642129
600	0.0888712	0.6603041	0.1389471	0.6779554	0.7523165
650	0.1026581	0.6217314	0.0779976	0.7716401	0.7908449
700	0.065352	0.7493304	0.0744233	0.8114411	0.8121339
750	0.0570426	0.7959564	0.0965034	0.717773	0.6549099
800	0.0486919	0.7628076	0.0723785	0.7063145	0.6726791
850	0.0520378	0.8086026	0.1166202	0.8211498	0.883383
900	0.0889646	0.7703349	0.120967	0.771318	0.7934641
950	0.0405134	0.8250535	0.0981581	0.6053798	0.7440673
1000	0.1036542	0.7706312	0.0878522	0.7616891	0.7821508
					
0	0.0462296	0.7133412	0.0617817	0.7893995	0.8032011
50	0.022007	0.8316034	0.0789248	0.7363699	0.3346312
100	0.0130008	0.6825366	0.194342	0.6814247	0.3094914
150	0.000588	0.6928363	0.1941901	0.7100414	0.2559511
200	0.0017163	0.8216142	0.3736015	0.6979972	0.2219879
250	0.0007728	0.7950328	0.3950458	0.7598948	0.1393261
300	0.0024506	0.7618481	0.3528056	0.6256031	0.2076867
350	0.0054248	0.7871432	0.2897971	0.7449543	0.2089126
400	0.0099081	0.7542841	0.3748512	0.8168843	0.2267828
450	0.001655	0.8151674	0.4157178	0.6756571	0.1936603
500	0.0020652	0.6421328	0.4960399	0.7536189	0.1583321
550	0.0444516	0.7508208	0.2794207	0.7281211	0.5038684
600	0.0964642	0.7785196	0.1469587	0.7151943	0.6866808
650	0.112261	0.7359004	0.1182484	0.794994	0.8027821
700	0.0526807	0.8032876	0.1247845	0.7081856	0.6941274
750	0.0804268	0.6956214	0.0788436	0.7756648	0.8250683
800	0.0806323	0.851112	0.1013063	0.6802088	0.7619926
850	0.076206	0.7514638	0.0812674	0.6194132	0.7155735
900	0.1327038	0.7540905	0.1127385	0.6896519	0.6345344
950	0.0827694	0.8102361	0.068284	0.7453268	0.8283685
1000	0.0890225	0.6414874	0.0709316	0.7782896	0.7112784
